-- phpMyAdmin SQL Dump
-- version 4.7.7
-- https://www.phpmyadmin.net/
--
-- Host: 127.0.0.1
-- Generation Time: 2018-05-02 03:43:18
-- 服务器版本： 10.1.30-MariaDB
-- PHP Version: 7.2.2

SET SQL_MODE = "NO_AUTO_VALUE_ON_ZERO";
SET AUTOCOMMIT = 0;
START TRANSACTION;
SET time_zone = "+00:00";


/*!40101 SET @OLD_CHARACTER_SET_CLIENT=@@CHARACTER_SET_CLIENT */;
/*!40101 SET @OLD_CHARACTER_SET_RESULTS=@@CHARACTER_SET_RESULTS */;
/*!40101 SET @OLD_COLLATION_CONNECTION=@@COLLATION_CONNECTION */;
/*!40101 SET NAMES utf8mb4 */;

--
-- Database: `20160301_6`
--
CREATE DATABASE IF NOT EXISTS `lms` DEFAULT CHARACTER SET utf8 COLLATE utf8_general_ci;
USE `lms`;

-- --------------------------------------------------------

--
-- 表的结构 `bookclass`
--

CREATE TABLE `bookclass` (
  `id` int(11) NOT NULL,
  `class_book_name` varchar(50) NOT NULL
) ENGINE=InnoDB DEFAULT CHARSET=utf8;

--
-- 转存表中的数据 `bookclass`
--

INSERT INTO `bookclass` (`id`, `class_book_name`) VALUES
(1, '1545'),
(2, '文学'),
(3, '计算机'),
(4, '艺术'),
(5, '大学教材'),
(6, '小学通用'),
(7, '高职高专教材'),
(8, '体育理论与教学'),
(9, '大学教辅'),
(10, '数学'),
(11, '教学理论'),
(12, '医学'),
(13, '西方哲学'),
(14, '艺术史'),
(15, '机械工程'),
(16, '情商管理'),
(17, '大学通用'),
(18, '高等教育'),
(19, '中等教育'),
(20, '考试认证'),
(21, '研究生'),
(22, '英语'),
(23, '心理健康'),
(24, '统计学'),
(25, '市场营销'),
(26, '职业技术教育'),
(27, '管理学'),
(28, '建筑设计'),
(29, '智力开发'),
(30, '电子与通信'),
(31, '数据库'),
(32, '生物科学'),
(33, '化学工业'),
(34, '计算机考试'),
(35, '编程语言与程序设计'),
(36, '物理学'),
(37, '电力工程'),
(38, '英语考试'),
(39, '一般工业技术'),
(40, '人工智能'),
(41, '数理化'),
(42, '金属学与金属工艺'),
(43, '金融理论'),
(44, '力学'),
(45, '职业/行业英语'),
(46, '田径/体操'),
(47, '儿童文学'),
(48, '社会科学理论'),
(49, '资格考试/职称考试'),
(50, '应用心理学'),
(51, '语言类考试'),
(52, '心理学研究方法'),
(53, '政治理论'),
(54, '会计、审计'),
(55, '行业经济'),
(56, '手工/游戏'),
(57, '保险'),
(58, '入园准备及教材'),
(59, '企业管理与培训'),
(60, '幼儿启蒙'),
(61, '图形图像/视频'),
(62, '文学理论'),
(63, '商务实务'),
(64, '日语'),
(65, '设计'),
(66, '外国人学汉语'),
(67, '研究生入学考试'),
(68, '汉语'),
(69, '计算机安全'),
(70, '生产与运作管理'),
(71, '经典著作'),
(72, '作品集'),
(73, '经济学'),
(74, '城市规划、城市设计'),
(75, '货币银行学'),
(76, '金融市场与管理'),
(77, '汉语写作与修辞'),
(78, '领导学'),
(79, '执业资格考试用书'),
(80, '中小学英语'),
(81, '计算机理论、基础知识'),
(82, '书法与篆刻'),
(83, '文化理论'),
(85, '艺术理论与评论'),
(86, '期货'),
(87, '党政读物'),
(88, '诗歌词曲'),
(89, '中国哲学'),
(90, '社会生活与社会问题'),
(91, '思想政治教育、德育'),
(92, '马克思哲学'),
(93, '社会学'),
(94, '师范教育'),
(95, '高中通用'),
(96, '金融学'),
(97, '马克思主义理论'),
(98, '电化、多媒体教育'),
(99, '法学'),
(100, '自然科学总论'),
(101, '科普读物'),
(102, '眼科学'),
(103, '文学'),
(104, '德语'),
(105, '科学家'),
(106, '旅游理论与实务'),
(107, '竞赛/奥赛'),
(108, '服装设计'),
(109, '化学'),
(110, '公共管理'),
(111, '心理学'),
(112, '成人高考/自考'),
(113, '婚恋与两性'),
(114, '音乐'),
(115, '文明礼仪'),
(116, '水产、渔业'),
(117, '地理学'),
(118, '信息系统'),
(119, '药学'),
(120, '史学理论'),
(121, '语言学'),
(122, '外交、国际关系'),
(123, '经管'),
(124, '电子技术'),
(125, '商法'),
(126, '世界政治'),
(127, '人在职场 心理健康'),
(128, '动漫学堂'),
(129, '成功学'),
(130, '建筑艺术'),
(131, '艺术'),
(132, '旅游随笔'),
(133, '性格/习惯'),
(134, '情感/家庭/婚姻'),
(135, '散文/随笔/书信'),
(136, '爱情/情感'),
(137, '职场'),
(138, '玄幻/魔幻/科幻'),
(139, '鉴赏收藏'),
(140, '舞台艺术戏剧'),
(141, '影视'),
(142, '文化研究'),
(143, '大陆原创'),
(144, '社会百相'),
(145, '侦探/悬疑/推理'),
(146, '成人教育教材'),
(147, '期刊杂志'),
(148, '操作系统'),
(149, '艺术家'),
(150, '学习方法'),
(151, '新闻学、新闻事业'),
(152, '青少年心理辅导'),
(153, '工艺美术'),
(154, '对外汉语教学'),
(155, '佛教'),
(156, '妇产科学'),
(157, '交通运输'),
(158, '辅助设计与工程计算'),
(159, '网页制作'),
(160, '环境科学'),
(161, '游戏'),
(162, '逻辑学'),
(163, '大气科学'),
(164, '专用软件'),
(165, '保健食谱'),
(166, '文物考古'),
(167, '图书馆学、图书馆事业'),
(168, '城乡建设、市政工程、环境工程'),
(169, '股票'),
(170, '运动健身'),
(171, '大学药学教材'),
(172, '护理学'),
(173, '内科学'),
(174, '材料工程');

-- --------------------------------------------------------

--
-- 表的结构 `books`
--

CREATE TABLE `books` (
  `id` int(6) UNSIGNED ZEROFILL NOT NULL,
  `book_name` varchar(100) NOT NULL,
  `writer` varchar(100) NOT NULL,
  `publish` int(20) NOT NULL,
  `number` int(3) NOT NULL DEFAULT '1',
  `price` float NOT NULL,
  `book_classify` int(10) NOT NULL,
  `page` int(5) NOT NULL,
  `had_num` int(3) DEFAULT NULL,
  `in_time` datetime DEFAULT NULL
) ENGINE=InnoDB DEFAULT CHARSET=utf8;

--
-- 转存表中的数据 `books`
--

INSERT INTO `books` (`id`, `book_name`, `writer`, `publish`, `number`, `price`, `book_classify`, `page`, `had_num`, `in_time`) VALUES
(010000, '简明无机化学', '宋天佑', 17, 3, 30, 5, 609, 2, '2017-11-20 12:42:14'),
(010002, '经济数学：线性代数', '王卫华，曾祥金', 17, 6, 20, 7, 246, 5, '2017-05-06 11:29:33'),
(010003, '电子技术基础（数字部分）重点难点题解指导考研指南', '秦臻', 17, 14, 20, 5, 775, 12, '2017-12-21 03:19:24'),
(010005, '新编秘书实务（知识+技能+案例', '葛红岩', 17, 7, 19, 7, 469, 5, '2017-03-23 06:17:59'),
(010007, '电工电子学学习辅导与习题解答（第3版）', '张伯尧，叶挺秀', 17, 2, 20, 9, 287, 2, '2017-10-25 17:09:19'),
(010008, '电子线路（第5版）', '梁明理', 17, 5, 37, 5, 1337, 3, '2018-01-23 05:02:05'),
(010010, '点集拓扑学', '徐森林', 17, 15, 25, 10, 762, 15, '2017-03-27 15:48:05'),
(010012, '作物栽培学', '胡立勇，丁艳锋', 17, 5, 40, 5, 639, 5, '2017-03-28 04:10:49'),
(010015, '信息技术与课程整合', '何克抗，吴娟', 17, 4, 25, 11, 648, 4, '2016-12-12 17:09:45'),
(010016, '支挡结构设计', '朱彦鹏，罗晓辉，周勇', 17, 6, 23, 5, 1192, 6, '2017-03-24 15:23:13'),
(010017, '急诊医学', '罗学宏', 17, 12, 59, 12, 931, 12, '2018-03-04 15:29:32'),
(010018, '土力学与地基基础（第2版）', '张力霆', 17, 5, 29, 5, 808, 5, '2017-05-31 05:52:38'),
(010019, '西方哲学史讲演录', '赵林', 17, 7, 23, 13, 408, 7, '2017-12-30 10:15:32'),
(010020, 'Protel 99se实用教程', '柳春锋', 17, 6, 20, 7, 1005, 6, '2016-12-15 13:40:41'),
(010021, '中国古代音乐史', '郑祖襄', 17, 5, 29, 14, 563, 5, '2018-01-06 15:39:53'),
(010022, '市场营销', '毕思勇', 17, 10, 24, 5, 1019, 10, '2017-10-06 05:50:42'),
(010023, '机床数控技术及应用', '李宏胜', 17, 7, 20, 15, 553, 7, '2017-02-21 12:24:11'),
(010024, '经济法习题与案例集', '曲振涛', 17, 7, 16, 5, 873, 7, '2017-08-21 22:41:22'),
(010025, '运输管理实务（第2版）', '季永青，李佑珍', 17, 12, 21, 7, 932, 12, '2017-01-18 17:25:42'),
(010026, '多变世界中的压力应对（第3版）', '（美）布鲁纳', 17, 3, 47, 16, 1260, 3, '2017-02-03 02:58:43'),
(010027, '行政管理概论', '肖凌，段学红', 17, 7, 23, 7, 919, 7, '2018-01-12 18:39:04'),
(010029, '随机算法', '（美）莫特瓦尼（Rajeev Motwani），（美）拉格哈文（Prabhakar Raghavan', 17, 7, 48, 10, 215, 7, '2017-01-14 07:41:26'),
(010030, '全面压力管理', '（美）格林伯格', 17, 4, 51, 16, 1275, 4, '2017-08-10 17:09:39'),
(010034, '金融监管学', '李成', 17, 10, 28, 5, 1412, 10, '2017-09-30 15:06:06'),
(010035, '数理统计', '孙祝岭，徐晓岭', 17, 14, 34, 21, 1477, 14, '2016-12-31 12:38:08'),
(010043, '数学史通论（双语版）', '卡兹', 17, 13, 64, 10, 647, 13, '2017-11-10 14:39:26'),
(010044, '用心托起未来：灾难临床心理救助理论与实务', '郑毅', 17, 14, 14, 23, 1030, 14, '2017-07-08 17:29:52'),
(010045, '病理生理学习题集', '肖献忠', 17, 11, 30, 9, 1247, 11, '2018-02-21 13:08:28'),
(010047, '建筑概论（附辅学光盘）', '吴尧', 17, 13, 34, 5, 996, 13, '2017-12-19 06:23:21'),
(010048, '高等数学及其应用（下）', '同济大学数学系', 17, 12, 20, 5, 1096, 12, '2016-12-16 19:38:04'),
(010050, '现代推销理论与技巧（第2版）', '吴健安', 17, 13, 29, 25, 299, 13, '2018-01-19 18:09:53'),
(010051, '医用高等数学（第2版）', '乐经良，祝国强', 17, 14, 26, 5, 1332, 14, '2017-06-29 14:33:08'),
(010052, '中学物理实验资源开发利用的理念与案例', '黄国雄', 17, 11, 17, 11, 848, 11, '2017-05-30 12:32:37'),
(010053, '高等代数精选题解', '杨子胥', 17, 10, 25, 10, 533, 10, '2017-08-20 23:17:21'),
(010054, '社会保障', '郑功成', 17, 5, 30, 5, 1385, 5, '2017-07-13 03:42:32'),
(010055, '复变函数', '王绵森', 17, 14, 12, 10, 339, 14, '2017-02-25 14:43:33'),
(010057, '管理学', '邢以群', 17, 8, 40, 27, 915, 8, '2018-03-19 10:36:12'),
(010060, '酒庄设计', '（加）斯坦威克，（加）弗洛', 17, 10, 188, 28, 491, 10, '2017-09-21 21:19:13'),
(010061, '音乐教师教学能力指导', '霍磊', 17, 2, 16, 5, 540, 2, '2017-01-03 16:39:28'),
(010063, '亲子游戏走迷宫', '登亚', 17, 4, 8, 29, 487, 4, '2018-03-09 23:28:38'),
(010066, '数字信号处理教学指导', '胡学龙，吴镇扬', 17, 15, 20, 30, 439, 15, '2017-04-06 20:00:22'),
(010067, '数据库技术及应用 SQL Server', '李雁翎', 17, 9, 22, 31, 687, 9, '2018-01-15 13:24:39'),
(010069, '大学数学：微积分（上）', '上海交通大学数学系微积分课程组', 17, 13, 28, 10, 976, 13, '2017-08-13 05:01:44'),
(010070, '日语概论', '翟东娜，潘钧', 17, 9, 20, 17, 576, 9, '2016-12-13 14:47:38'),
(010071, '数学分析教程（上）', '方丽萍，李忠', 17, 11, 23, 10, 255, 11, '2017-01-23 23:26:22'),
(010072, '基础分子生物学（影印版）（附光盘）', '阿利森', 17, 3, 20, 32, 573, 3, '2017-05-30 09:12:47'),
(010073, '数学翻译丛书：Markov过程导论', '（美）斯注克', 17, 2, 32, 10, 884, 2, '2017-05-19 10:32:29'),
(010074, '透明导电氧化物薄膜', '姜辛，等', 17, 3, 45, 33, 442, 3, '2017-10-20 06:25:01'),
(010077, 'R语言与统计分析', '汤银才', 17, 4, 38, 35, 1156, 4, '2017-07-07 14:11:02'),
(010078, '经济应用数学基础（一）微积分', '龚德恩，范培华', 17, 3, 29, 10, 1259, 3, '2018-02-08 21:21:25'),
(010080, '国际金融实务（第2版）', '黄志强', 17, 8, 20, 7, 694, 8, '2018-04-02 03:11:59'),
(010081, '光学教程学习指导书（第4版）', '宣桂鑫', 17, 9, 20, 36, 486, 9, '2017-04-13 10:43:39'),
(010084, '电动力学（第3版）', '郭硕鸿，黄迺本，李志兵，林琼桂', 17, 9, 26, 37, 676, 9, '2018-01-11 15:34:29'),
(010086, '仪器分析', '朱明华，胡坪', 17, 8, 36, 17, 1188, 8, '2018-01-29 05:07:55'),
(010088, '新航道・胡敏雅思教材第5代：雅思考试听力理解', '胡敏', 17, 9, 35, 38, 608, 9, '2017-01-04 13:34:55'),
(010090, '简明材料力学（第2版）', '刘鸿文', 17, 2, 31, 5, 1036, 2, '2017-07-14 06:22:24'),
(010091, '新航道・新托福口语真经', '袁昊，彭铁城', 17, 5, 28, 38, 828, 5, '2018-02-18 10:56:12'),
(010093, '二战时期密码决战中的数学故事', '王善平，张奠宙', 17, 11, 10, 10, 954, 11, '2017-12-15 06:58:57'),
(010095, '原子物理学', '杨福家', 17, 11, 43, 5, 1190, 11, '2017-12-19 08:32:16'),
(010098, '新编地图学教程', '毛赞猷，等', 17, 15, 32, 5, 812, 15, '2017-01-18 09:53:28'),
(010099, '电路实验教程', '张峰，吴月梅，李丹', 17, 15, 26, 17, 1060, 15, '2017-04-29 15:28:55'),
(010100, '高等学校教材・人工智能及其应用（第2版）（附光盘）', '王万良', 17, 8, 35, 40, 223, 8, '2018-03-19 20:38:31'),
(010101, '生态学（第2版）', '杨持', 17, 9, 39, 32, 1161, 9, '2016-12-26 16:43:40'),
(010102, '最新雅思考试胜策：阅读', '吴建业', 17, 4, 37, 38, 1356, 4, '2017-04-17 19:23:46'),
(010103, '金属工艺学（上）', '邓文英，郭晓鹏', 17, 12, 16, 5, 641, 12, '2017-03-05 13:51:52'),
(010104, '史蒂芬?斯切夫曼的电话营销法', '（美）斯切夫曼', 17, 11, 24, 25, 404, 11, '2017-04-10 02:36:41'),
(010105, '普通高等教育十一五国家级规划教材配套参考书・离散数学学习指导与习题解析', '屈婉玲，耿素云，张立昂', 17, 10, 38, 41, 294, 10, '2017-02-15 20:24:38'),
(010106, '金属工艺学（下册）（第5版）', '邓文英，宋力宏', 17, 3, 17, 42, 707, 3, '2017-10-04 02:40:51'),
(010107, '生态学基础（第5版）', '奥德姆 （ Odum E.P.），等', 17, 15, 68, 32, 292, 15, '2017-12-03 05:08:52'),
(010108, '植物生理学', '王小青，李娘辉', 17, 7, 29, 5, 1305, 7, '2018-03-20 02:42:17'),
(010110, '基本设计：智性理性和感性的孕育', '胡宏述', 17, 14, 22, 39, 1007, 14, '2017-05-13 03:13:23'),
(010111, '病理学', '王连唐', 17, 5, 67, 12, 985, 5, '2018-01-10 01:46:34'),
(010113, '机械设计（修订版）', '吴鹿鸣，谭庆昌，赵洪志', 17, 6, 23, 5, 1034, 6, '2018-01-06 11:06:03'),
(010114, '金融工程和计算： 原理数学算法（影印版）', '吕育道', 17, 14, 85, 17, 889, 14, '2018-02-17 19:38:35'),
(010115, '金融衍生产品定价的数学模型与案例分析', '姜礼尚，徐承龙，任学敏', 17, 14, 20, 43, 1032, 14, '2017-04-30 22:46:45'),
(010117, '高等电磁理论（（修订版）', '张世昌，金建铭，卢才成，等，杨儒贵', 17, 2, 41, 5, 997, 2, '2017-05-02 13:11:57'),
(010119, '全国高等学校医学规划教材：病理学（第2版）', '王恩华', 17, 2, 68, 12, 1341, 2, '2017-05-16 17:07:55'),
(010121, '高等学校管理类专业主干课程教材：市场调查', '柯惠新，丁立宏', 17, 11, 34, 5, 956, 11, '2016-12-21 03:12:49'),
(010122, '随机金融基础：理论（第2卷）', '（俄罗斯）A.H.施利亚耶夫', 17, 4, 20, 43, 576, 4, '2017-07-14 02:30:48'),
(010123, '高等学校财务管理专业核心课程教材：财务分析', '谢志华', 17, 10, 23, 5, 1333, 10, '2018-02-13 20:37:27'),
(010125, '运动生物力学', '赵焕彬，李建设', 17, 11, 21, 44, 597, 11, '2018-01-19 20:11:31'),
(010126, '市场营销学概论', '郭国庆，杨学成', 17, 10, 31, 5, 1477, 10, '2018-03-24 11:33:37'),
(010129, '高等学校旅游管理专业课程教材：模拟导游实务英语教程', '姚宝荣，陈慧，黄建敏', 17, 6, 29, 45, 372, 6, '2017-12-03 19:34:40'),
(010131, '田径训练教程（附光盘）', '沈国平，过平江', 17, 10, 25, 46, 264, 10, '2017-08-14 18:05:37'),
(010132, '新编应用写作教程', '黄高才，刘会芹', 17, 8, 23, 7, 1381, 8, '2018-02-02 18:59:32'),
(010135, '俄罗斯数学教材选译：奇异摄动方程解的渐近展开', '（俄罗俄）瓦西里耶娃，（俄罗斯）布图索夫', 17, 8, 34, 5, 1064, 8, '2017-12-11 01:24:19'),
(010136, '读名著 学语言：绿野仙踪', '登亚', 17, 9, 16, 47, 460, 9, '2018-01-25 20:59:28'),
(010137, '全民健身导论', '李相如，苏明理', 17, 15, 30, 5, 1011, 15, '2017-06-07 19:51:17'),
(010138, '读名著 学语言：爱丽丝漫游奇境（注音版）', '登亚', 17, 15, 20, 47, 432, 15, '2017-08-12 22:08:25'),
(010139, '客户关系管理', '汤兵勇，雷轶', 17, 10, 20, 5, 966, 10, '2017-09-30 06:39:51'),
(010141, '中国科学院研究生院教材：相图理论及其应用', '王崇琳', 17, 15, 45, 21, 875, 15, '2018-01-27 21:34:24'),
(010142, '中国科学院研究生院教材・科学社会学：方法与理论基础', '尚智丛', 17, 4, 30, 48, 470, 4, '2018-03-27 03:45:16'),
(010145, '危机干预策略（第5版）', '（美）詹姆斯，（美）吉利兰', 17, 2, 20, 50, 1432, 2, '2017-06-06 12:40:32'),
(010146, '大学英语六级考试710分新题型高分攻略：听力分册（附MP3听力光盘1张）', '白洁', 17, 9, 21, 51, 309, 9, '2017-09-12 11:24:28'),
(010147, '大学英语六级考试710分新题型高分攻略：写作分册', '裘雯', 17, 10, 19, 38, 890, 10, '2017-07-07 09:28:38'),
(010148, '团体咨询：策略与技巧', '（美）雅各布斯，（美）马森，（美）哈维尔', 17, 6, 46, 52, 345, 6, '2017-11-20 18:33:39'),
(010150, '从经典叙事学到后经典叙事学研究生教学用书：叙事学导论', '谭君强', 17, 5, 27, 21, 809, 5, '2017-02-10 07:26:17'),
(010151, '公共事业管理学（第2版）', '娄成武，郑文范，司晓悦', 17, 3, 25, 53, 217, 3, '2017-01-18 02:49:07'),
(010153, '面向21世纪课程教材・西方经济学', '许纯祯，吴宇晖，张东辉', 17, 12, 30, 5, 959, 12, '2016-12-24 17:50:50'),
(010154, '快速消费品行业指南', '方伟，曾舒煜', 17, 15, 18, 55, 611, 15, '2017-06-04 04:23:14'),
(010155, '饭店服务英语', '姜文宏，李玉娟', 17, 14, 30, 45, 856, 14, '2017-02-06 00:34:09'),
(010156, '大学英语六级考试710分新题型高分攻略：阅读分册', '张新', 17, 6, 23, 38, 390, 6, '2017-11-23 02:14:48'),
(010158, '新航道：雅思写作（基础版）', '徐卡嘉，郑庆利，胡敏', 17, 6, 29, 38, 889, 6, '2017-11-25 07:43:07'),
(010159, '保险概论（修订版）', '李国义', 17, 3, 24, 57, 488, 3, '2017-03-03 07:51:06'),
(010160, '管理学基础（第3版）', '单凤儒', 17, 7, 20, 5, 1142, 7, '2018-02-20 21:17:03'),
(010161, '新航道・雅思扩充词汇阅读（基础版）', '李传伟，胡敏', 17, 13, 20, 38, 1198, 13, '2018-03-17 18:15:35'),
(010163, '旅行社经营管理', '陈永发', 17, 7, 19, 59, 424, 7, '2017-03-09 22:08:18'),
(010165, '现代秘书心理学（第2版）', '赵中利', 17, 7, 20, 5, 1421, 7, '2017-10-31 10:11:58'),
(010167, '管理科学研究方法', '马庆国', 17, 12, 18, 27, 1248, 12, '2017-03-13 08:22:18'),
(010169, 'CorelDRAW X3平面设计应用', '荣涛', 17, 12, 15, 61, 204, 12, '2017-07-19 07:24:09'),
(010171, '文学概论（第2版）', '刘甫田，徐景熙', 17, 11, 23, 62, 624, 11, '2017-02-14 10:51:48'),
(010173, '全国高等学校法学专业课程案例分析教材・刑法案例分析', '莫洪宪', 17, 9, 27, 5, 1072, 9, '2017-05-17 20:58:10'),
(010174, '培训培训师：TTT指南', '姜玲', 17, 11, 29, 63, 452, 11, '2017-08-20 12:48:09'),
(010175, '液压控制系统', '吴振顺', 17, 13, 27, 5, 634, 13, '2018-02-09 00:44:32'),
(010176, '现代数学基础9：无限维空间上的测度和积分-抽象调和分析', '夏道行', 17, 15, 58, 10, 1209, 15, '2017-02-24 19:23:39'),
(010177, '新大学日语标准教程（提高篇）（2）（附光盘）', '孟瑾，傅羽弘', 17, 15, 23, 64, 1477, 15, '2017-06-01 15:24:17'),
(010179, '机械原理学习指南（第5版）', '陈作模', 17, 10, 9, 5, 540, 10, '2018-03-08 08:05:01'),
(010181, '高等学校信息安全系列教材：网络安全通信协议', '任志宇，杨艳，陈性元', 17, 10, 24, 5, 910, 10, '2017-11-24 02:48:20'),
(010183, '北京英语水平考试标准教程学习指导（第2级）', '王晓明，荆林静，老青', 17, 3, 21, 38, 377, 3, '2017-05-26 05:16:39'),
(010184, '国家精品课程主讲教材：离散数学', '屈婉玲，耿素云，张立昂', 17, 12, 31, 5, 844, 12, '2017-01-06 01:51:19'),
(010185, '北京英语水平考试同步训练（第1级）', '荆林静，刘洋', 17, 10, 8, 38, 1394, 10, '2017-12-07 09:45:17'),
(010186, '北京英语水平考试同步训练（第2级）', '王晓明，老青', 17, 9, 10, 38, 1315, 9, '2017-08-10 12:03:38'),
(010187, '美术教育学新编（附光盘1张）', '尹少淳', 17, 11, 42, 17, 352, 11, '2017-03-14 07:13:05'),
(010188, '统计物理学2：凝聚态理论（第4版）', '（俄罗斯）栗弗席兹，（俄罗斯）皮塔耶夫基', 17, 10, 54, 17, 1448, 10, '2017-06-07 23:55:56'),
(010189, '国外优秀生命科学教材译丛：生理学原理（第4版）（中文版）（附光盘）', '利维，等', 17, 5, 69, 32, 889, 5, '2018-01-13 10:46:11'),
(010190, '咨询与心理治疗', '（美）帕克特', 17, 8, 47, 12, 1283, 8, '2017-08-18 02:11:08'),
(010192, '设计理论', '万哲先', 17, 10, 20, 65, 504, 10, '2017-02-05 05:32:01'),
(010194, '大学英语六级考试710分新题型一本通（附光盘）', '潘晓燕', 17, 4, 26, 38, 794, 4, '2017-12-15 10:24:50'),
(010198, '概念整合理论及其应用研究', '王正元', 17, 8, 28, 68, 1106, 8, '2018-01-17 22:41:56'),
(010200, '新编商务函电', '左飚', 17, 2, 20, 5, 1339, 2, '2017-03-17 13:11:10'),
(010201, '医护英语水平考试（护理类）考试大纲：第2级（2008版）（附MP3光盘1张）', '医护英语水平考试办公室', 17, 15, 10, 38, 580, 15, '2017-05-23 14:13:32'),
(010202, '网络安全协议：原理、结构与应用', '寇晓蕤，王清贤', 17, 6, 38, 69, 1036, 6, '2017-03-30 06:01:26'),
(010203, '国家级精品课程教材：证券投资学', '胡金焱，霍兵，李维林', 17, 7, 32, 5, 1029, 7, '2017-04-12 06:28:08'),
(010204, '数据库系统教程', '施伯乐，丁宝康，汪卫', 17, 15, 33, 31, 982, 15, '2017-04-15 21:43:47'),
(010205, '著名几何问题及其解法：尺规作图的历史', '（美）波尔德', 17, 15, 15, 10, 1185, 15, '2017-05-09 14:29:10'),
(010207, '趣味密码术与密写术', '（美）加德纳', 17, 11, 15, 69, 893, 11, '2017-12-25 06:41:14'),
(010208, '普通物理学思考题分析与拓展（第6版）', '胡盘新，汤毓骏，钟季康', 17, 9, 17, 36, 950, 9, '2017-02-20 20:18:08'),
(010209, '物流学', '汝宜红', 17, 4, 33, 70, 885, 4, '2017-03-14 10:05:13'),
(010210, '塑料模具设计与制造（附光盘）', '齐卫东', 17, 15, 20, 5, 750, 15, '2017-06-02 02:32:27'),
(010211, '细胞工程学', '李志勇', 17, 2, 32, 32, 1048, 2, '2017-04-19 00:26:59'),
(010212, '户外游戏走迷宫', '登亚', 17, 9, 8, 29, 712, 9, '2018-01-20 02:09:16'),
(010214, '生态学实验设计与分析（第2版）（中文版）', '沙尼（Samuel M.Scheiner），格维茨 （Jessica Gurevitch），牟溥', 17, 15, 40, 32, 843, 15, '2018-02-19 09:25:58'),
(010215, '药理学', '李元建', 17, 12, 39, 5, 878, 12, '2018-02-19 21:14:54'),
(010216, '研究生教学用书：高级管理学（第2版）（经济学、管理学类）', '林正平，陈守明，尤建新', 17, 10, 22, 27, 1183, 10, '2017-05-03 19:24:55'),
(010218, '西方管理名著赏析', '彭新武', 17, 2, 25, 71, 494, 2, '2017-09-18 17:55:11'),
(010219, '数学分析习题集（根据2010年俄文版翻译）', 'Б.П.吉米多维奇', 17, 7, 20, 17, 465, 7, '2017-10-04 00:05:47'),
(010220, '中国古代文学（第2版）（上）', '刘跃进，郭兴良，周建忠', 17, 10, 20, 72, 1175, 10, '2018-02-01 03:27:55'),
(010221, '新航道・IELTS雅思语音语调基础版（附光盘）', '杨伟钧，胡敏', 17, 13, 23, 38, 353, 13, '2017-10-28 07:14:55'),
(010222, '实用组织行为学（第2版）', '姜宝钧', 17, 12, 20, 5, 254, 12, '2018-02-27 14:50:06'),
(010223, '模具设计与制造系列：冲压模具图册（附光盘）', '杨占尧', 17, 14, 30, 5, 837, 14, '2017-09-03 00:30:58'),
(010224, '高级微观经济学', '张军，王世磊', 17, 5, 25, 5, 1288, 5, '2017-11-22 07:35:03'),
(010226, '新英汉翻译教程（学生用书）（附光盘）', '李艳林，王振国', 17, 14, 39, 5, 948, 14, '2017-03-01 06:43:19'),
(010227, '产业经济学', '王俊豪', 17, 2, 38, 73, 1257, 2, '2017-10-15 14:43:22'),
(010228, '餐饮管理', '蔡万坤', 17, 12, 23, 59, 475, 12, '2017-01-15 05:42:08'),
(010230, '新大学日语标准教程（提高篇1）（附光盘1张）', '徐敏民，西野典枝', 17, 7, 26, 17, 806, 7, '2018-03-01 12:03:28'),
(010234, '全国高等学校法学专业必修课选修课系列教材：模拟法庭实验教程', '陈学权', 17, 3, 29, 5, 744, 3, '2017-03-11 18:10:27'),
(010235, '图像融合：理论与应用', '敬忠良，肖刚，李振华', 17, 3, 36, 61, 677, 3, '2017-08-22 02:15:07'),
(010236, '非线性物理科学：偏微分方程与孤波理论', '（美）佤斯瓦茨', 17, 9, 20, 10, 1310, 9, '2017-11-16 00:04:21'),
(010237, 'PETS-2听力试题分类解析和高分训练（附MP3光盘1张）', '张健民，沈昌洪', 17, 7, 29, 38, 853, 7, '2017-05-19 10:07:08'),
(010238, '环境工程微生物学', '周群英，王士芬', 17, 9, 34, 5, 1211, 9, '2017-05-25 11:31:37'),
(010239, '多孔介质污染物迁移动力学', '王洪涛', 17, 4, 90, 39, 561, 4, '2018-02-20 11:14:55'),
(010240, '城市空间规划：理论方法与实践', '丁成日', 17, 3, 43, 74, 589, 3, '2017-12-22 21:42:39'),
(010243, '制度经济学', '黄少安', 17, 7, 29, 5, 681, 7, '2018-02-16 11:50:22'),
(010244, 'C语言程序设计（2010年版）', '田淑清', 17, 11, 30, 20, 1119, 10, '2018-02-10 02:38:15'),
(010245, '外汇理论与交易原理', '杨胜刚，姚小义', 17, 4, 20, 75, 889, 4, '2017-12-04 13:19:38'),
(010246, '金融市场学', '晏艳阳', 17, 10, 33, 76, 428, 10, '2017-10-09 02:08:25'),
(010247, '新航道・读故事记单词：新GRE核心词汇', '胡敏', 17, 2, 58, 38, 1013, 2, '2017-06-29 12:00:37'),
(010248, '新航道・剑桥雅思写作真题题源', '郑庆利', 17, 12, 38, 38, 782, 12, '2017-01-19 04:11:38'),
(010249, '新编商务英语系列丛书・新编商务英语口译（附光盘）', '黄敏', 17, 5, 42, 45, 403, 5, '2017-04-15 12:23:35'),
(010250, '量子力学（非相对论理论）（第6版）', 'л.д.朗道，E.M.栗弗席兹，', 17, 15, 85, 36, 1369, 15, '2017-07-07 04:55:46'),
(010254, '毕业论文写作与规范', '孙洁', 17, 5, 25, 77, 1190, 5, '2016-12-18 18:59:01'),
(010255, '全国英语等级考试全真模拟试卷（第3级）（附VCD光盘1张）', '金启军，张燕楠', 17, 3, 28, 38, 1432, 3, '2017-08-15 06:21:53'),
(010256, '全国英语等级考试全真模拟试卷（第4级）（附VCD光盘1张）', '金启军，王悦', 17, 2, 23, 38, 811, 2, '2017-05-13 20:16:54'),
(010261, '现代配电系统分析', '王守相，王成山', 17, 9, 28, 39, 429, 9, '2017-02-20 07:21:57'),
(010262, '基于机器的智能人脸识别', '牟登攀', 17, 2, 32, 40, 272, 2, '2017-02-12 04:22:14'),
(010263, '俄罗斯数学教材选译：随机过程论', '（俄罗斯）布林斯基，（俄罗斯）施利亚耶夫', 17, 5, 49, 10, 1159, 5, '2017-06-01 07:04:46'),
(010264, '全国高等学校医学规划教材：微生物学检验', '刘荣臻', 17, 10, 46, 12, 225, 10, '2017-07-15 01:14:54'),
(010265, '数字电子技术基础（第2版）', '侯建军，等', 17, 15, 39, 17, 750, 15, '2017-10-25 02:59:51'),
(010266, '国家精品课程主讲教材：计算机组成原理（附光盘1张）', '唐朔飞', 17, 3, 43, 5, 388, 3, '2017-07-02 11:09:19'),
(010269, '计算机应用基础', '张宇，赖麟', 17, 9, 29, 81, 861, 9, '2018-02-04 12:28:07'),
(010271, '制冷与空调技术专业领域流体力学及泵与风机', '陈礼，余华明', 17, 6, 17, 5, 1043, 6, '2017-11-22 02:44:52'),
(010272, '计算机文化基础（Windows XP＋Office2003）', '赵秀英', 17, 5, 20, 81, 373, 5, '2017-08-15 22:46:20'),
(010273, '热处理工艺学', '潘健生，胡明娟', 17, 10, 80, 42, 389, 10, '2017-11-30 02:19:21'),
(010274, '高校数字校园建设指南', '刘启新，沈立强，吴海燕，蒋东兴，付小龙', 17, 10, 20, 11, 637, 10, '2018-03-10 19:49:09'),
(010275, '陈振元书法精品选集', '陈振元', 17, 8, 17, 82, 908, 8, '2017-08-18 15:44:10'),
(010276, '大众文化理论与批评', '周志强', 17, 8, 39, 83, 206, 8, '2018-03-01 09:27:39'),
(010277, '内部控制', '潘琰', 17, 4, 28, 5, 611, 4, '2017-05-20 04:42:47'),
(010278, '高等学校西方经济学课程系列教材：宏观经济学', '樊潇彦，袁志刚', 17, 9, 29, 5, 959, 9, '2018-02-13 03:55:34'),
(010279, '税收学原理', '杨斌', 17, 7, 35, 5, 424, 7, '2017-01-04 00:10:34'),
(010280, '高等学校西方经济学课程系列教材：微观经济学', '陈钊，陆铭，袁志刚', 17, 5, 29, 5, 484, 5, '2017-09-21 00:23:19'),
(010281, '现代政治经济学', '白永秀，任保平', 17, 6, 32, 73, 587, 6, '2016-12-16 10:49:38'),
(010282, '新航道・雅思阅读（基础版）', '张建宇，胡敏', 17, 2, 49, 38, 991, 2, '2017-07-07 06:18:57'),
(010283, '中央美术学院规划教材：艺术管理学概论（附光盘1张）', '余丁', 17, 11, 26, 5, 274, 11, '2017-01-03 04:07:34'),
(010286, 'FPGA设计基础', '王传新', 17, 6, 21, 5, 682, 6, '2017-05-31 14:26:19'),
(010287, '中国新闻事业史（修订版）', '丁淦林', 17, 15, 30, 5, 824, 15, '2017-08-27 23:33:44'),
(010289, '金融数学丛书：期权定价的数学模型和方法（第2版）', '姜礼尚', 17, 9, 39, 86, 908, 9, '2017-07-10 06:34:18'),
(010290, '基于工作过程数控技术专业学习领域课程方案开发与设计', '姚和芳', 17, 3, 18, 15, 712, 3, '2017-08-11 06:10:43'),
(010292, '英语学位论文写作教程', '黄国文，葛达西', 17, 11, 25, 5, 1459, 11, '2017-09-29 14:13:45'),
(010293, '新编实用英语综合教程2（北京版）附光盘', '杨盛林', 17, 3, 30, 22, 1324, 3, '2018-03-28 14:03:07'),
(010294, '汉英翻译基础教程', '冯庆华，陈科芳', 17, 9, 48, 22, 1014, 9, '2017-03-03 11:16:50'),
(010295, '现代数学基础7：可靠性统计', '茆诗松，汤银才，王玲玲', 17, 10, 59, 10, 1116, 10, '2016-12-17 17:07:28'),
(010298, '俄罗斯数学教材选译・代数学引论3：基本结构（第2版）', '（俄罗斯）柯斯特利金', 17, 15, 35, 10, 333, 15, '2017-04-12 18:05:43'),
(010299, '半导体物理学（上）（第2版）', '叶良修', 17, 11, 65, 36, 910, 11, '2017-11-23 13:22:45'),
(010300, '礼记（精选本）', '陈莉　选注', 17, 10, 18, 89, 432, 10, '2018-02-14 23:27:52'),
(010302, '商务英语口语（附VCD光盘1张）', '方红', 17, 8, 30, 10, 232, 8, '2017-11-26 20:56:55'),
(010303, '微积分（经管类）（上册）', '徐兵', 17, 8, 16, 10, 909, 8, '2017-01-26 10:56:33'),
(010304, '英语同声传译教程', '仲伟合', 17, 13, 20, 5, 635, 13, '2017-06-24 16:26:10'),
(010307, '英语口译基础教程（附1张光盘）', '仲伟合', 17, 14, 27, 5, 1135, 14, '2017-06-18 07:50:25'),
(010308, '高等教育学硕士研究生教学参考用书・院校研究', '刘献君', 17, 15, 50, 18, 1012, 15, '2017-04-21 14:32:13'),
(010309, '打开家锁：中国家庭治疗与厌食症的临床研究', '马丽庄', 17, 10, 20, 12, 728, 10, '2017-02-25 04:01:18'),
(010310, '医学化学', '徐春祥', 17, 2, 31, 12, 1420, 2, '2017-04-29 01:46:59'),
(010311, '物理学与人类文明十六讲', '赵峥', 17, 8, 21, 36, 1317, 8, '2017-02-22 22:37:55'),
(010312, '自动机械与自动生产线', '梁燕飞，谭伟明', 17, 3, 16, 5, 1107, 3, '2017-11-05 10:15:16'),
(010313, '数字电视设计原理', '张晓林', 17, 4, 35, 30, 1165, 4, '2017-06-04 21:59:56'),
(010314, '运筹学高级教程', '沈荣芳', 17, 10, 32, 10, 1482, 10, '2017-11-09 08:41:06'),
(010315, '矫正社会工作', '张昱，中国社会工作教育协会组', 17, 10, 22, 93, 334, 10, '2017-10-06 12:48:37'),
(010316, '行为医学', '杨志寅', 17, 9, 36, 12, 1475, 9, '2017-02-15 10:39:21'),
(010317, '新托福一遍通阅读应试指南：冲刺篇', '洪志娟', 17, 3, 35, 38, 1376, 3, '2017-11-04 20:01:08'),
(010318, '新航道・新托福一遍通写作应试指南：冲刺篇（附光盘1张）', '丛书编委会', 17, 14, 42, 38, 1479, 14, '2017-04-07 07:08:34'),
(010319, '大学德语（第1册）（第3版）（附VCD光盘1张）', '姜爱红', 17, 15, 36, 5, 884, 15, '2018-02-19 02:18:14'),
(010320, '研究生教学用书：胎儿发育生理学', '徐智策', 17, 7, 20, 21, 1020, 7, '2017-06-12 02:19:51'),
(010321, '日语论文写作：方法与实践', '于康', 17, 4, 27, 64, 1466, 4, '2017-12-16 14:49:25'),
(010322, '生态学名著译丛：生态模型基础（第3版）', '（丹）扬戈逊，（意）班道雷切', 17, 3, 58, 32, 225, 3, '2017-10-30 09:50:52'),
(010323, '奥运中的科技之光', '赵致真', 17, 7, 18, 39, 1112, 7, '2017-12-12 11:16:55'),
(010324, '俄罗斯数学教材选译：概率1（修订和补充第3版）', '施利亚耶夫，周概容', 17, 15, 48, 10, 778, 15, '2017-01-19 09:33:01'),
(010325, '新课程的理念与创新――师范生读本（第2版）', '钟启泉，崔允漷', 17, 14, 27, 94, 609, 14, '2017-05-11 16:16:02'),
(010326, '高中数学新课程教学设计与评析', '陈中峰，陈峰', 17, 9, 20, 19, 1225, 9, '2017-10-05 15:26:08'),
(010328, '遗传学', '戴灼华，王亚馥，粟翼玟', 17, 5, 39, 32, 1018, 5, '2017-12-19 13:40:35'),
(010330, '高中地理新课程教学设计与评析', '叶回玉，郑玉清，陈峰', 17, 10, 23, 95, 1371, 10, '2018-02-18 13:21:31'),
(010333, '生态学（第4版）（影印版）（附光盘）', '（美）莫里斯', 17, 8, 52, 32, 1461, 8, '2017-07-29 01:31:22'),
(010336, '最新雅思考试胜策（写作修订版）', '吴建业', 17, 14, 40, 38, 662, 14, '2018-02-13 18:46:50'),
(010337, '高等职业教育跨越转型提升', '马树超，郭扬', 17, 5, 45, 26, 1113, 5, '2017-09-17 23:59:33'),
(010339, '经济与管理数学', '雷田礼', 17, 12, 20, 73, 1284, 12, '2017-02-05 16:36:06'),
(010340, '中国公立高校多元利益主体生成与协调研究：构建现代大学制度的新视角', '于文明', 17, 9, 40, 70, 926, 9, '2018-03-14 10:56:17'),
(010341, '马克思主义理论研究和建设工程重点教材配套用书', '吴树青', 17, 8, 21, 97, 784, 8, '2017-08-29 13:07:02'),
(010343, '新托福一遍通听力应试指南：基础篇（含光盘1张+学习卡）', '（美国）Compass Publishing', 17, 3, 85, 38, 1182, 3, '2017-11-23 17:26:34'),
(010344, '卓越定价：创造价格优势的定价策略', '（美）克雷格・C.扎瓦达，（美）埃里克・V.罗格纳，（美）迈克尔・V.马恩', 17, 5, 40, 25, 944, 5, '2017-04-18 09:09:20'),
(010345, '国家农村中小学现代远程教育工程培训教材・三种模式应用的教学方法（附光盘）', '张筱兰', 17, 4, 26, 98, 1357, 4, '2017-09-17 03:51:55'),
(010346, '民法（附VCD光盘1张）', '郭明瑞', 17, 13, 49, 99, 1299, 13, '2017-07-27 00:09:11'),
(010347, '民法', '张玉敏', 17, 11, 43, 99, 1118, 11, '2017-06-20 15:41:01'),
(010349, '现代科学技术概论', '刘金寿', 17, 5, 30, 100, 698, 5, '2017-01-04 11:28:55'),
(010350, '现代科学技术导论（第4版）', '宗占国', 17, 4, 28, 100, 1305, 4, '2017-01-06 22:11:13'),
(010356, '属性数据分析引论（第2版）', '（美）阿格雷斯特', 17, 9, 55, 24, 994, 9, '2017-11-24 20:37:19'),
(010357, '摄影实践（新编实用摄影教程）（下）（附光盘）', '陈勤', 17, 2, 40, 7, 1197, 2, '2017-10-20 20:41:47'),
(010359, '英译汉教程（教师用书）', '连淑能', 17, 10, 20, 22, 871, 10, '2017-10-11 13:03:47'),
(010360, '金融工程中的蒙特卡罗方法（影印版）', '（美）格拉瑟曼（Glasserman.P.）', 17, 6, 79, 43, 1345, 6, '2017-06-09 23:23:04'),
(010361, '趣味刚体动力学', '刘延柱', 17, 3, 15, 101, 541, 3, '2017-07-01 08:19:34'),
(010363, '爱护眼睛预防近视（教师・家长版）', '全国学生近视眼防治工作专家指导组', 17, 14, 6, 102, 1203, 14, '2018-03-27 01:05:36'),
(010367, '高等教育组织与管理', '王孙禺', 17, 3, 62, 18, 869, 3, '2017-01-02 01:37:19'),
(010368, '全国英语等级考试全真模拟试卷：第2级（附光盘1张）', 'PETS研究小组', 17, 7, 26, 38, 1370, 7, '2018-03-05 00:08:48'),
(010369, '高等教育研究方法', '潘懋元', 17, 12, 48, 18, 429, 12, '2017-10-07 14:33:00'),
(010370, '文学理论教程（第4版）', '童庆炳', 17, 3, 33, 10, 293, 3, '2017-12-09 09:29:23'),
(010371, '概率统计中的极限理论及其应用（英文版）', '黎子良，钱莲芬，邵启满', 17, 7, 68, 10, 696, 7, '2017-09-30 00:31:20'),
(010372, '文学理论教程教学参考书（第4版）（附CD光盘1张）', '童庆炳', 17, 8, 31, 2, 1355, 8, '2017-04-21 23:22:20'),
(010373, '材料科学与工程学科研究生教学用书：固体物理基础', '吴代鸣', 17, 6, 32, 21, 929, 6, '2017-12-27 00:00:58'),
(010374, '教师职业技能训练', '魏饴，张天晓', 17, 8, 32, 94, 1152, 8, '2017-07-21 22:50:12'),
(010376, '俄罗斯数学教材选译：连续介质力学1（第6版）', '谢多夫，李植', 17, 2, 20, 10, 276, 2, '2017-02-03 09:21:31'),
(010378, '高教版师范院校语文教育学专业教材・师范院校汉语言文学教育专业语文课程教学论系列教材：语文课程教学资源', '韩雪屏，王相文，王松泉', 17, 8, 21, 11, 1190, 8, '2017-02-06 03:55:04'),
(010380, '医护英语水平考试（护理类）词汇手册（第1、2级）（2008版）', '孙国棣', 17, 6, 18, 45, 911, 6, '2017-03-29 16:24:32'),
(010381, '职业教育集团化办学的理论研究与实践探索', '黄尧', 17, 11, 48, 11, 1116, 11, '2018-03-12 08:07:33'),
(010382, '发明之星吴天际', '沈倩，刘彭芝，王珉珠', 17, 13, 27, 105, 395, 13, '2017-02-17 18:45:56'),
(010383, '美术学教育实习导论', '张鹏，赵玲', 17, 5, 29, 94, 956, 5, '2017-06-12 01:58:51'),
(010384, '全国英语等级考试全真模拟试卷：第5级（附光盘1张）', '王冰欣', 17, 3, 26, 38, 1252, 3, '2018-02-25 03:02:26'),
(010385, '旅游学概论', '李云霞，李洁，董立昆', 17, 13, 22, 106, 1315, 13, '2018-03-19 01:15:14'),
(010386, '研究生数学：应用偏微分方程讲义', '陈志浩，孔德兴，姜孔尚', 17, 3, 20, 21, 914, 3, '2018-03-23 03:04:29'),
(010389, '概率论与数理统计学习辅导与习题全解.华中科大（第3版）', '万建平，刘次华', 17, 8, 21, 10, 844, 8, '2017-03-13 18:42:39'),
(010394, '北京高等教育精品教材・全国高等院校专升本教材：中国古代戏曲专题（第2版）', '张燕瑾', 17, 5, 29, 17, 622, 5, '2017-11-15 13:35:43'),
(010398, '土木工程地质（第2版）', '谢强，魏安，吕小平', 17, 4, 25, 5, 1389, 4, '2017-03-12 07:49:22'),
(010399, '国际商务英语谈判与沟通', '蒋磊', 17, 15, 24, 45, 608, 15, '2017-11-22 00:22:16'),
(010401, '高中新课程教师教育系列教材・走进课堂：高中音乐新课程案例与评析', '金亚文', 17, 6, 20, 19, 900, 6, '2018-01-23 22:40:00'),
(010402, '数学分析中的方法与技巧', '严子谦，尹景学，张然', 17, 5, 19, 10, 457, 5, '2017-04-20 02:11:00'),
(010404, '高等代数与解析几何（上）', '陈志杰', 17, 6, 31, 10, 758, 6, '2017-04-19 22:21:38'),
(010405, '高等代数与解析几何（下）（第2版）', '陈志杰', 17, 2, 30, 10, 254, 2, '2017-06-03 10:41:06'),
(010406, '大学英语选修课・学科课程系列教材・英语公共演讲教程', '赵永青，李文萍', 17, 6, 27, 22, 1361, 6, '2017-06-11 00:55:49'),
(010407, '高等数学（第3版）（上册）', '童裕孙，於崇华', 17, 3, 27, 10, 1446, 3, '2017-11-16 01:16:25'),
(010408, '现代分子生物学', '朱玉贤，李毅，郑晓峰', 17, 10, 53, 32, 663, 10, '2017-04-11 00:08:09'),
(010409, '中国大学生数学建模竞赛（第3版）', '李大潜', 17, 6, 22, 107, 937, 6, '2017-08-18 20:35:07'),
(010411, '大学计算机基础', '孙淑霞，丁照宇', 17, 5, 28, 3, 1488, 5, '2017-11-27 00:58:09'),
(010414, '国际私法', '韩德培', 17, 12, 49, 99, 841, 12, '2018-01-24 15:27:00'),
(010416, '民法总论', '徐国栋', 17, 2, 35, 99, 1066, 2, '2018-01-10 01:33:18'),
(010417, '服装工艺基础', '朱小珊', 17, 9, 24, 108, 920, 9, '2017-02-21 07:12:20'),
(010418, '数码服装设计与表现技法：CorelDRAW（配盘）', '贺景卫，胡莉虹，黄莹', 17, 10, 40, 18, 1225, 10, '2017-02-13 05:55:10'),
(010419, '体育与健康（第2版）（修订版）', '刘清黎，郑健荣，孙东辉', 17, 11, 25, 8, 1242, 11, '2017-03-01 11:16:50'),
(010422, '摄影摄像基础', '李文联，杨绍先', 17, 6, 33, 7, 922, 6, '2017-12-24 00:36:06'),
(010423, '公共部门决策的理论与方法', '胡象明', 17, 7, 28, 110, 860, 7, '2017-08-02 02:59:18'),
(010425, '发酵工程', '闫丽霞，张磊，刘冬，张学仁', 17, 3, 20, 5, 250, 3, '2018-01-30 17:25:41'),
(010426, '以人为中心的咨询督导', '（英）杰弗瑞斯', 17, 2, 20, 23, 812, 2, '2018-03-12 01:14:41'),
(010427, '人际关系咨询：儿子与母亲', '（英）理查德・布兰德-杰弗瑞斯 （Jefferise.R.B.）', 17, 4, 20, 111, 1112, 4, '2017-01-19 07:44:12'),
(010428, '地下工程', '关宝树', 17, 15, 39, 5, 750, 15, '2017-07-22 11:39:54'),
(010430, '综合英语教程5（教师用书）', '邹为诚', 17, 8, 15, 22, 422, 8, '2018-02-23 09:36:18'),
(010431, '全国普通高等学校优秀教材・综合英语教程6（教师用书）', '邹为诚', 17, 11, 20, 22, 729, 9, '2017-06-14 21:32:14'),
(010432, '刑法总论', '陈忠林', 17, 9, 29, 99, 765, 9, '2016-12-25 05:30:13'),
(010433, '综合英语教程6（学生用书）', '邹为诚，黄源深', 17, 13, 30, 22, 749, 13, '2018-03-13 10:58:54'),
(010437, '民事诉讼法', '田平安', 17, 10, 32, 99, 281, 10, '2017-04-21 02:58:39'),
(010438, '全国各类成人高等学校招生复习考试大纲：经济学管理学（专科起点升本科）（2007年版）（附增值服务卡）', '刘佳，田晓兰', 17, 5, 14, 112, 299, 5, '2017-11-26 08:33:05'),
(010439, '他其实没那么喜欢你', '（美）贝伦特，（美）塔西露', 17, 11, 15, 113, 206, 11, '2018-01-30 17:46:36'),
(010440, '大学计算机基础实践教程', '詹国华', 17, 2, 17, 3, 1378, 2, '2017-06-06 11:17:24'),
(010441, '外国音乐欣赏（第2版）', '钱仁康', 17, 15, 31, 114, 916, 15, '2017-02-01 04:39:59'),
(010442, '大学数学学习辅导丛书：高等数学证明题500例解析', '徐兵', 17, 6, 20, 10, 510, 6, '2017-10-17 05:46:46'),
(010445, '俄罗斯数学教材选译：偏微分方程讲义（第3版）', '（俄罗斯）奥列尼克', 17, 11, 32, 10, 1127, 11, '2017-03-25 00:47:13'),
(010447, '文书工作与档案管理', '赵映诚', 17, 11, 27, 5, 1054, 11, '2017-01-19 19:40:47'),
(010448, '会计学学习指导习题与实训', '董惠良，李相波', 17, 9, 11, 54, 1226, 9, '2017-08-12 18:44:50'),
(010450, '俄罗斯数学教材选译・现代几何学・方法与应用3：同调论引论（第2版）', '福缅科，等', 17, 12, 20, 10, 376, 12, '2018-03-15 15:23:38'),
(010451, '信号与系统', '陈后金，胡健，薛健', 17, 3, 30, 30, 978, 3, '2017-09-04 08:55:55'),
(010453, '旅游市场营销（第2版）（修订版）', '吴金林', 17, 11, 29, 5, 1306, 11, '2017-07-16 17:02:50'),
(010455, '复变函数', '余家荣', 17, 9, 20, 10, 1224, 9, '2017-05-08 02:42:32'),
(010456, '网络课程设计与开发', '武法提', 17, 7, 19, 11, 1416, 7, '2018-01-23 07:57:42'),
(010458, '旅游纪念品设计', '帅立功', 17, 3, 29, 7, 688, 3, '2017-10-18 12:05:09'),
(010459, '高等院校音乐专业系列教材：管弦乐法基础教程（附赠CD光盘1张）', '王宁', 17, 5, 38, 114, 887, 5, '2017-05-14 19:24:50'),
(010460, '基因组学', '杨金水', 17, 5, 38, 12, 970, 5, '2017-04-23 01:53:07'),
(010461, '普通高等学校民族传统体育专业主干课教材：中国武术史', '邱丕相', 17, 6, 20, 5, 1042, 6, '2018-01-19 06:51:37'),
(010462, '外国文学教程', '蒋承勇', 17, 13, 35, 18, 650, 13, '2017-04-20 06:30:46'),
(010463, '概率论习题集', '（俄罗斯）施利亚耶夫', 17, 12, 45, 10, 1421, 12, '2018-04-02 19:18:11'),
(010464, '高等代数（第5版）', '张禾瑞，郝鈵新', 17, 3, 22, 10, 387, 3, '2017-11-27 13:32:53'),
(010465, '俄罗斯数学教材选择：概率（第2卷）（修订和补充第3版）', '（俄罗斯）施利亚耶夫', 17, 14, 20, 10, 868, 14, '2016-12-26 07:42:26'),
(010466, '经济法实务（附VCD光盘1张）', '张德实', 17, 13, 24, 73, 1050, 13, '2017-12-28 18:51:20'),
(010467, '外国美术史简编（附赠CD光盘1张）', '张敢', 17, 5, 58, 18, 509, 5, '2017-10-17 14:03:31'),
(010469, '经济学原理', '徐美银', 17, 11, 24, 7, 741, 11, '2018-03-15 07:01:29'),
(010472, '俄罗斯数学教材选译・代数学引论2：线性代数（第3版）', '（俄罗斯）柯斯特利金', 17, 8, 44, 10, 1063, 8, '2017-06-28 22:09:36'),
(010474, '多层统计分析模型：方法与应用', '王济川，等', 17, 3, 20, 10, 732, 3, '2016-12-20 18:05:42'),
(010475, '小学数学教育系列教材・小学数学教育概论', '宋乃庆，张奠宙，宋乃床', 17, 13, 20, 11, 723, 13, '2017-11-17 06:50:09'),
(010476, '高等概率论及其应用', '胡迪鹤', 17, 5, 20, 10, 956, 5, '2017-03-05 21:22:45'),
(010477, '统计学概论', '卞毓宁', 17, 6, 18, 7, 1009, 6, '2017-02-22 23:45:14'),
(010478, '俄罗斯数学教材：连续介质力学（第2卷）（第6版）', '（俄罗斯）谢多夫', 17, 5, 49, 44, 908, 5, '2017-09-02 19:32:54'),
(010479, '俄罗斯数学教材选译・随机金融基础1：事实・模型', '（俄罗斯）施利亚耶夫', 17, 11, 20, 10, 1066, 11, '2017-04-19 20:15:11'),
(010480, '热力学・统计物理（第4版）', '汪志诚', 17, 11, 28, 36, 638, 11, '2017-01-05 23:37:50'),
(010486, '趣味结构力学', '单建', 17, 11, 20, 44, 1024, 11, '2016-12-27 09:39:50'),
(010487, '商务礼仪与公关', '徐克美', 17, 14, 16, 115, 306, 14, '2017-09-26 12:40:35'),
(010488, '高职高专教育电路基础', '王慧玲', 17, 2, 24, 39, 1354, 2, '2017-10-04 17:30:28'),
(010489, '电工电子技术（少学时）', '林平勇，高嵩', 17, 10, 25, 5, 955, 10, '2017-01-15 08:22:49'),
(010490, '生物分离技术', '刘冬', 17, 10, 20, 32, 573, 10, '2017-09-08 05:40:04'),
(010491, '水产养殖操作技能', '李林春', 17, 4, 43, 116, 620, 4, '2017-12-24 23:10:46'),
(010492, '电机及拖动（第3版）', '许晓峰', 17, 11, 28, 7, 985, 11, '2017-08-08 21:27:09'),
(010493, '新航道・新托福强化训练（最新版）（附光盘3张）', '开普兰', 17, 6, 128, 38, 627, 6, '2017-12-05 08:41:57'),
(010494, '新航道・剑桥雅思口语真题题源（含光盘）', '胡敏', 17, 6, 33, 38, 1142, 6, '2017-01-14 00:55:26'),
(010495, '英语专业翻译系列教材：英汉翻译基础教程（附赠CD光盘1张）', '穆雷', 17, 3, 35, 22, 1326, 3, '2017-04-17 20:58:03'),
(010496, '微观宏观经济学学习指导书（第2版）', '黄亚均，蒋毅一', 17, 11, 20, 73, 340, 11, '2017-05-02 06:08:32'),
(010497, '英语诗歌教程・诗歌要素与诗歌种类（附光盘）', '李正栓，白凤欣', 17, 8, 20, 22, 430, 8, '2017-07-11 06:16:52'),
(010499, '自然地理学', '伍光和，等', 17, 14, 40, 117, 545, 14, '2017-07-06 23:26:29'),
(010500, '药剂学', '张志荣', 17, 9, 49, 119, 921, 9, '2017-04-02 11:06:21'),
(010502, '经济法学', '漆多俊', 17, 14, 35, 99, 650, 14, '2017-03-25 20:59:27'),
(010503, '组织行为', '张德', 17, 6, 30, 5, 704, 6, '2017-01-18 04:59:36'),
(010504, '卡尔・马克思的历史理论：一种辩护', '（英）科恩', 17, 3, 31, 120, 302, 3, '2017-08-25 02:41:56'),
(010505, '新英汉翻译教程（教师用书）（附光盘1张）', '王振国，李艳琳', 17, 6, 35, 22, 617, 6, '2017-07-22 16:40:51'),
(010506, '研究生教学用书：医学分子生物学', '马文丽', 17, 7, 57, 32, 200, 7, '2017-03-15 21:22:15'),
(010507, '中国科学院研究生院教材：化工数学模型方法', '毛在砂', 17, 13, 31, 10, 494, 13, '2018-01-17 08:26:23'),
(010509, 'ACM图灵奖：计算机发展史的缩', '吴鹤龄，崔林', 17, 9, 25, 5, 250, 9, '2017-01-17 08:44:20'),
(010510, '数字逻辑', '毛法尧', 17, 12, 29, 10, 1238, 12, '2017-07-17 00:55:47'),
(010512, '基础会计（第3版）', '陈伟清，张玉森', 17, 14, 16, 7, 452, 14, '2017-07-14 07:42:23'),
(010513, '新航道・新托福阅读高分策略', '李传伟', 17, 4, 28, 38, 415, 4, '2017-08-27 02:47:08'),
(010514, '新航道・剑桥雅思听力真题题源（附MP3光盘1张）', '刘创，杜小鹏，胡敏', 17, 13, 38, 38, 554, 13, '2017-01-15 17:27:43'),
(010515, '新航道・英语情景口语100主题：入门篇（附光盘1张）', '（美）鲁克特', 17, 5, 39, 22, 879, 5, '2017-12-08 11:50:41'),
(010516, '新闻理论教程（修订版）', '何梓华', 17, 3, 24, 17, 993, 3, '2017-02-06 09:47:30'),
(010522, '物理新课程教学案例研究（附光盘1张）', '郭玉英', 17, 8, 19, 95, 747, 8, '2017-01-15 17:57:29'),
(010523, '高中化学新课程教学案例研究（附光盘1张）', '王后雄', 17, 2, 20, 11, 212, 2, '2017-06-03 18:23:48'),
(010524, 'VI设计模板', '图雅，刘东涛，肖勇', 17, 14, 40, 65, 854, 14, '2018-03-22 19:39:28'),
(010525, '应用写作', '张建', 17, 15, 33, 5, 724, 15, '2017-10-11 01:07:08'),
(010526, '基础会计', '樊行健', 17, 10, 19, 5, 1283, 10, '2017-06-18 03:11:12'),
(010527, '新航道・剑桥雅思阅读真题题源', '刘创，张振杰', 17, 5, 39, 22, 1046, 5, '2017-10-24 06:00:04'),
(010528, '法理学高阶', '付子堂', 17, 10, 39, 21, 1253, 10, '2016-12-23 21:07:00'),
(010529, '中外关系鉴览1950-2005：中国与大国关系定量衡量', '阎学通，等', 17, 11, 20, 122, 1010, 11, '2018-03-08 17:06:57'),
(010530, '法理学视野下的冲突法', '肖永平', 17, 8, 70, 99, 1311, 8, '2017-11-25 08:06:51'),
(010532, '大学理念在中国', '王冀生', 17, 10, 17, 18, 957, 10, '2018-01-12 05:52:54'),
(010533, '统计学（从概念到数据分析）', '吴喜之', 17, 10, 18, 24, 664, 10, '2017-02-24 20:53:10'),
(010534, '建筑结构设计（设计示例）（第2册）', '邱洪兴', 17, 11, 25, 5, 1200, 11, '2017-09-10 18:28:41'),
(010535, '基础会计习题集（经管类各专业适用）', '樊行健', 17, 4, 15, 123, 1033, 4, '2017-05-01 18:50:00'),
(010537, '微分几何', '梅向明，黄敬之', 17, 7, 32, 10, 1396, 7, '2017-02-18 19:42:43'),
(010538, '解析几何简明教程', '吴光磊，田畴', 17, 12, 10, 10, 583, 12, '2017-01-17 15:42:13'),
(010539, '公共关系原理与实务', '朱崇娴', 17, 10, 22, 5, 204, 10, '2017-11-19 06:40:09'),
(010540, '数学分析讲义（第5版）（上册）', '刘玉琏，傅沛仁，刘宁，等', 17, 6, 25, 10, 1472, 6, '2017-11-08 04:37:24'),
(010541, '英语专业翻译系列教材・报刊语言翻译', '张健，冯庆华', 17, 2, 21, 22, 1099, 2, '2017-08-26 09:18:58'),
(010542, '偏微分方程', '陈祖墀', 17, 5, 22, 10, 402, 5, '2017-03-28 00:06:02'),
(010543, '概率论与随机过程中的泛函分析（影印版）', '博布罗斯基', 17, 7, 32, 10, 1185, 7, '2017-07-26 19:36:07'),
(010544, '物理学的概念与文化素养（第4版）（翻译版）', '霍布森，秦克诚，刘培森，周国荣', 17, 6, 53, 36, 375, 6, '2017-09-11 04:58:13'),
(010545, '高等工程热力学', '陈则韶', 17, 8, 50, 44, 426, 8, '2017-10-07 14:12:17'),
(010548, '数学翻译丛书：数论教程', '（法）塞尔（SerreJ.-P.）', 17, 4, 20, 10, 268, 4, '2017-02-26 13:06:34'),
(010549, '中国传统文化', '张建', 17, 5, 32, 7, 1027, 5, '2018-03-01 21:12:58'),
(010551, '新编实用英语学学练练考考1（附VCD光盘1张）', '姜怡，姜欣', 17, 15, 26, 22, 1095, 15, '2017-06-16 23:30:11'),
(010553, '德语难点解读：语法和词汇', '常玲玲', 17, 8, 24, 104, 580, 8, '2018-02-24 10:55:12'),
(010554, 'DSP技术的发展与应用（第2版）', '彭启琮，李玉柏，管庆', 17, 4, 49, 17, 1381, 4, '2018-01-15 08:04:05'),
(010557, 'Art Design新思维设计', '（英）康威 （Hazel Co', 17, 7, 30, 65, 738, 7, '2017-01-02 22:32:42'),
(010558, '商法', '赵万一', 17, 9, 34, 125, 684, 9, '2017-09-15 07:52:08'),
(010560, '泛函分析（影印版）', '拉克斯', 17, 3, 46, 10, 293, 3, '2018-03-30 18:20:14'),
(010561, '高等学校会计学专业主干课程教材：财务管理', '赵德武', 17, 11, 36, 123, 924, 11, '2018-02-06 18:58:42'),
(010563, '动物学实验', '白庆笙，等', 17, 8, 38, 32, 1037, 8, '2018-03-20 23:26:27'),
(010565, '物理化学', '胡英', 17, 15, 54, 5, 528, 15, '2017-05-30 15:01:36'),
(010566, '东亚新发展主义研究', '田毅鹏', 75, 2, 46, 126, 1026, 2, '2018-04-02 22:56:43'),
(010567, '职业生涯咨询中的治疗计划', '（美）利普泰克', 17, 6, 17, 127, 1068, 6, '2017-12-21 12:16:34'),
(010568, '中国法学教科书・原理与应用系列：商法教程', '韩长印', 17, 6, 38, 125, 281, 6, '2017-03-30 18:35:45'),
(010572, '思想道德修养与法律基础课疑难问题解析（修订版）', '陈勇', 17, 9, 29, 18, 467, 9, '2017-01-26 08:23:39'),
(010573, '企业与信息系统建模分析', '李清，陈禹六', 17, 4, 52, 59, 539, 4, '2016-12-28 03:01:39'),
(010574, '电磁场与电磁波', '杨儒贵', 17, 5, 28, 5, 625, 5, '2017-03-04 21:17:39'),
(010575, '高等学校电子信息专业系列教材：数字逻辑电路', '刘常澍', 17, 5, 35, 3, 616, 5, '2017-04-29 00:43:18'),
(010576, '成功人才素质论', '刘书林', 17, 7, 21, 129, 891, 7, '2018-02-07 14:03:15'),
(010577, '概率论与数理统计（英文版）', '赖虹建，郝志峰', 17, 11, 22, 10, 200, 11, '2017-09-12 03:14:03'),
(010578, '电路基础', '陈洪亮，张峰，田社平', 17, 10, 40, 30, 591, 10, '2017-06-11 13:35:51'),
(010579, '微分几何学习指导与习题选解', '梅向明，王汇淳', 17, 2, 9, 10, 1400, 2, '2017-04-03 15:50:31'),
(010580, '全国英语等级考试PETS系列用书：全国英语等级考试分级词汇考点手册（第1级）', 'PETS研究小组', 17, 11, 20, 38, 1427, 9, '2017-02-22 12:39:13'),
(010581, '中国传统建筑装饰', '高阳', 73, 14, 36, 130, 987, 14, '2018-01-24 12:06:42'),
(010582, '点集拓扑讲义（第3版）', '熊金城', 17, 10, 16, 5, 1305, 10, '2017-04-12 22:53:09'),
(010584, '双钢琴教学教材精选：世界著名双钢琴作品选编', '钱丽娜', 73, 6, 49, 114, 876, 6, '2017-10-21 22:43:20'),
(010585, '普通高等院校信息与计算科学专业系列丛书：基于偏微分方程的图像处理（附光盘1张）', '张亶，陈刚', 17, 8, 22, 3, 235, 8, '2017-06-18 04:07:03'),
(010586, '汉语音韵学通论', '李无未', 17, 7, 24, 68, 500, 7, '2017-07-11 20:31:42'),
(010587, '双钢琴教学教材精选：俄罗斯双钢琴作品精选集', '王菁菁', 73, 14, 38, 114, 732, 14, '2018-03-28 19:04:35'),
(010588, '普通高等教育“九五”国家教委重点教材：非线性动力学', '刘秉正，彭建华', 17, 7, 46, 5, 1345, 7, '2018-03-26 13:08:39'),
(010590, '百年美文：游记卷（1900-2000）（套装上中下册）', '季羡林', 73, 6, 75, 132, 937, 6, '2017-05-15 10:12:58'),
(010591, '塑造你的性格', '阎国利', 73, 13, 13, 133, 1015, 13, '2018-01-07 04:20:29'),
(010592, '绿红妆之军营穿越（套装上下册）', '金子', 73, 13, 45, 134, 573, 13, '2017-06-28 11:58:42'),
(010594, '最受当代青年喜欢的精美散文：亲情永恒', '卉放，等', 73, 3, 20, 135, 875, 3, '2017-05-27 13:16:28'),
(010595, '风暖碧落（套装上下册）', '寂月皎皎', 73, 14, 38, 136, 1314, 14, '2017-10-31 19:11:14'),
(010596, '像艾薇儿一样去战斗', '坚果', 73, 13, 22, 137, 377, 13, '2017-02-21 02:14:55'),
(010597, '工程数学：积分变换习题全解指南', '张元林', 17, 5, 10, 10, 1479, 5, '2017-03-19 00:03:28'),
(010598, '天外非仙', '玄色', 73, 9, 27, 138, 1352, 9, '2017-04-13 22:51:59'),
(010599, '工程数学：复变函数学习与习题选解（第4版）', '王绵森', 17, 4, 20, 10, 689, 4, '2017-04-07 13:45:14'),
(010600, '潇然梦之无游天下录（套装全2册）', '小佚', 73, 12, 40, 138, 672, 12, '2018-02-25 15:16:16'),
(010601, '中学物理教学概论（第2版）', '阎金铎，田世昆', 17, 12, 213, 11, 755, 12, '2018-03-04 16:04:23'),
(010602, '普通高等教育十五国家级规划教材：外国工艺美术史（附光盘）', '张夫也', 17, 14, 39, 4, 1165, 14, '2018-01-01 00:22:44'),
(010604, '有机化学（下）（附赠CD光盘1张）', '尹冬冬', 17, 9, 38, 109, 1220, 9, '2017-06-14 15:32:42'),
(010606, '梨花雪后（套装上下册）', '东篱菊隐', 73, 11, 45, 136, 1177, 11, '2017-08-09 16:11:36'),
(010607, '环境经济学', '左玉辉', 17, 15, 31, 5, 1128, 15, '2017-01-05 06:52:25'),
(010608, '英语泛读教程4（第2版）', '刘乃银', 17, 11, 30, 22, 1105, 11, '2018-02-07 09:57:47'),
(010609, '乡关回望（中原农耕笔记）', '周同宾', 73, 8, 31, 135, 1276, 8, '2017-05-09 16:23:06'),
(010610, '普通高等教育十五国家级规划教材：环境微生物学', '王家玲', 17, 2, 34, 32, 704, 2, '2017-04-26 18:03:58'),
(010612, '西方古典家具', '刘健，周蕾', 73, 3, 36, 139, 375, 3, '2016-12-13 16:51:13'),
(010613, '信号与线性系统（上）（第4版）', '管致中，夏恭格', 17, 7, 33, 5, 692, 7, '2017-02-14 04:58:22'),
(010614, '流失的国宝：世界著名博物馆的中国珍品', '王鹤', 73, 13, 37, 139, 626, 13, '2017-03-21 21:07:10'),
(010615, '信号与线性系统（下）', '管致中，夏恭恪，孟桥', 17, 5, 36, 30, 1177, 5, '2018-03-29 02:00:24'),
(010616, '英语学习辅导书4（非英语专业专科用）', '余渭深', 17, 3, 25, 22, 858, 3, '2018-02-26 00:19:21'),
(010617, '普通高等教育十五国家级规划教材：现代检测技术', '周杏鹏，仇国富，王寿荣', 17, 14, 31, 5, 754, 14, '2017-06-20 10:57:51'),
(010618, '零陵飘香（套装全2册）', '灯火阑珊', 73, 9, 20, 136, 1467, 9, '2017-10-23 11:11:42'),
(010619, '植物学', '马炜梁', 17, 13, 58, 32, 1191, 13, '2017-03-22 16:14:55'),
(010620, '满朝凤华（套装全2册）', '孤钵', 73, 15, 20, 136, 301, 15, '2017-11-02 14:08:12'),
(010621, '浅浅心事', '正午月光', 73, 3, 25, 136, 1466, 3, '2017-02-06 23:17:13'),
(010622, '京剧脸谱', '傅学斌', 73, 5, 29, 140, 271, 5, '2018-01-28 22:57:10'),
(010623, '鱼在金融海啸中', '人海中', 73, 2, 25, 137, 1292, 2, '2017-01-28 20:09:01'),
(010624, '外国名家散文丛书：茨威格散文选', '（奥地利）茨威格', 73, 3, 21, 135, 505, 3, '2017-04-03 15:53:57'),
(010625, '普通高等教育十五国家级规划教材：信息论与编码', '仇佩亮', 17, 15, 40, 5, 485, 15, '2017-12-19 23:49:16'),
(010626, '列那尔散文选', '（法）儒勒・列那尔', 73, 9, 17, 135, 324, 9, '2017-12-26 05:55:17'),
(010627, '伊蕾诗选', '伊蕾', 73, 9, 39, 88, 1072, 9, '2018-02-08 00:38:49'),
(010628, '金色童年阅读丛书：365夜故事（拼音助读版）', '许海琼', 73, 6, 14, 47, 338, 6, '2018-01-23 02:34:46'),
(010629, '金色童年阅读丛书：365夜儿歌（拼音助读版）（经典名篇）', '许海琼', 73, 9, 14, 47, 981, 9, '2017-07-23 14:41:32'),
(010630, '金色童年阅读丛书：中国孩子最应知道的中国历史故事', '许海琼', 73, 11, 14, 47, 428, 11, '2017-11-02 08:00:13'),
(010631, '金色童年阅读丛书：中国民间故事', '周源', 73, 2, 14, 47, 375, 2, '2017-09-01 21:56:44'),
(010632, '普通高等教育”十五”国家级规划教材：工业设计心理学', '李乐山，何人可', 17, 2, 29, 5, 991, 2, '2017-07-05 02:25:56'),
(010633, '美国英雄漫画纵览：今夜，拯救世界', '江业华', 73, 8, 35, 141, 457, 8, '2017-10-07 09:59:40'),
(010634, '工程制图', '刘庆国，刘小年', 17, 8, 19, 39, 767, 8, '2017-09-15 23:10:52'),
(010635, '西方音乐简史（附VCD光盘1张）', '余志刚', 17, 9, 36, 4, 1143, 9, '2017-09-26 07:42:07'),
(010637, '信号与系统', '刘泉，江雪梅', 17, 11, 24, 5, 1285, 11, '2017-08-04 10:33:02'),
(010638, 'C++程序设计（第2版）', '吴乃凌，况迎辉', 17, 4, 32, 35, 645, 4, '2017-09-22 19:21:33'),
(010642, '中国的家谱', '徐建华', 73, 8, 29, 142, 781, 8, '2018-03-19 15:32:48'),
(010643, '传热学基础（机制热加工类专业适用）', '杨世铭', 17, 14, 9, 5, 1250, 14, '2017-10-04 14:02:13'),
(010645, '埃及艳后', '卫风', 73, 11, 30, 143, 361, 11, '2018-03-10 11:01:26'),
(010646, '普通高等教育十五国家级规划教材配套参考书：电子技术基础数字部分习题全解（第5版）', '罗杰', 17, 4, 20, 30, 553, 4, '2018-01-03 17:49:08'),
(010647, '普通高等教育十五国家级规划教材：结构力学（上）', '朱慈勉', 17, 13, 18, 44, 1249, 13, '2017-09-15 08:40:18'),
(010649, '普通高等教育“九五”教育部重点教材：工程流体力学', '陈卓如', 17, 14, 43, 44, 781, 14, '2017-08-02 01:47:06'),
(010650, '中华传统礼仪概要', '彭林', 17, 2, 36, 89, 619, 2, '2018-01-07 04:58:46'),
(010651, '永不绝望的主妇', '王芸', 73, 9, 22, 134, 565, 9, '2017-07-05 03:21:29'),
(010653, '教育科学“十五”国家规划课题研究成果・工程力学：静力学与材料力学', '单辉祖，谢传锋', 17, 5, 29, 39, 1163, 5, '2017-04-20 12:09:00'),
(010654, '普通高等教育十五国家级规划教材：理论物理基础教程', '刘连寿', 17, 10, 57, 36, 941, 10, '2017-12-22 20:43:29'),
(010656, '简明微积分', '龚昇', 17, 7, 38, 10, 1091, 7, '2016-12-12 14:16:42'),
(010657, '画心', '追月逐花', 73, 6, 23, 145, 548, 6, '2017-12-16 18:26:05'),
(010658, '电磁场与电磁波（附赠VCD光盘1张）', '杨儒贵，汤姆斯 （Thomas.T.Y.）', 17, 8, 40, 36, 603, 8, '2017-07-04 07:57:25'),
(010659, '世界著名品牌100讲', '白路，高彬', 73, 7, 34, 25, 1248, 7, '2018-03-26 22:25:53'),
(010660, '中学历史教学法（第2版）', '于友西', 17, 11, 14, 11, 971, 11, '2017-05-02 01:23:27'),
(010661, '教育部职业教育与成人教育司推荐教材：电子政务在企业中的应用', '孙万军，黄通勤', 17, 10, 9, 146, 774, 10, '2016-12-28 05:54:51'),
(010662, '糖是怎样恋成的', '素衣凝香', 73, 9, 25, 134, 1062, 9, '2017-10-23 05:34:48'),
(010663, '无机及分析化学教程', '倪静安，商少明，翟滨', 17, 12, 39, 109, 904, 12, '2018-02-17 15:56:37'),
(010664, '城外的月光（套装上下册）', '蓝鸢星', 73, 5, 42, 136, 206, 5, '2018-03-03 14:03:28'),
(010666, '人机工程学（附光盘）', '赵江洪', 17, 14, 36, 5, 370, 14, '2017-04-11 04:02:42'),
(010667, '和你一起住下去', '青衫落拓', 73, 4, 24, 136, 785, 4, '2017-06-19 21:35:20'),
(010668, '棋逢对手', '兰若小倩', 73, 7, 25, 137, 1243, 7, '2016-12-27 02:10:12'),
(010669, '普通高等教育十五国家级规划教材：市场营销教程（附光盘1张）', '万后芬，汤定娜，杨智', 17, 14, 42, 5, 1345, 14, '2017-06-23 03:06:01'),
(010671, '唐诗万象：唐朝风情面面观', '王开洋', 73, 14, 35, 142, 213, 14, '2017-08-30 08:25:41'),
(010672, '中国科学院研究生院教材：突发事件应急管理', '计雷，等', 17, 5, 25, 21, 1056, 5, '2018-01-25 21:32:32'),
(010673, '唐诗与酒', '肖文苑', 73, 4, 18, 88, 1090, 4, '2017-08-19 12:34:51'),
(010674, '走进课堂：体育与健康新课程案例与评析', '季浏', 17, 3, 15, 8, 862, 3, '2017-11-02 09:54:05'),
(010675, '此情不关风和月', '郭宝林', 73, 4, 27, 135, 267, 4, '2017-06-15 06:11:15'),
(010676, '全国高等学校医学规划教材：断层解剖学', '刘树伟', 17, 13, 53, 12, 1048, 13, '2017-10-25 08:40:30'),
(010677, '散文2009精选集', '王若冰，等', 73, 8, 38, 135, 1427, 8, '2017-01-27 18:37:01'),
(010679, '国外优秀信息科学与技术系列教学用书：操作系统概念（第6版翻译版）', '西尔伯斯查兹（Silberschatz A.），（美）高尔文（Galvin P.B.），（美）加尼 ', 17, 13, 55, 148, 317, 13, '2017-06-29 22:30:55'),
(010680, '珍藏鼻烟壶', '那志良', 73, 14, 32, 139, 258, 14, '2017-11-30 00:36:30'),
(010681, '并行计算系列丛书：并行算法实践（附1张光盘）', '陈国良', 17, 3, 50, 3, 581, 3, '2017-01-03 16:20:08'),
(010682, '回望红尘', '史国良', 73, 3, 30, 149, 1477, 3, '2017-03-02 02:39:09'),
(010684, '普通高等教育“十五”国家级规划教材・商务英语系列教材：商务英语听说（下）（附光盘1张）', '陈苏东，陈建平，唐桂民，郭桂杭', 17, 6, 35, 22, 264, 6, '2017-05-30 12:20:23'),
(010686, '混合式学习的理论与实践', '黄荣怀，周跃良，王迎', 17, 3, 20, 150, 689, 3, '2017-11-24 09:46:18'),
(010688, '工科数学分析基础（下册）（第2版）', '马知恩，王绵森', 17, 6, 34, 10, 513, 6, '2017-02-17 18:29:11'),
(010689, '人力资源开发的理论与方法', '萧鸣政', 17, 2, 29, 5, 1126, 2, '2018-02-14 22:14:49'),
(010690, '英语听力教程1（学生用书）（第2版）（附光盘2张）', '张锷，张民伦', 17, 5, 20, 22, 801, 5, '2018-03-10 16:12:19'),
(010691, '普通高等教育十五国家级规划教材：外国新闻事业史教程', '张允若', 17, 7, 35, 151, 1368, 7, '2017-03-22 19:03:43'),
(010692, '量子计算与量子信息（影印版）', '艾萨克，尼尔森 （Nielsen M.）', 17, 3, 59, 30, 1094, 3, '2018-01-14 11:15:08'),
(010693, '教师教育公共教育学・心理学课程系列教学用书：中学教育学辅导（新编本）', '叶上雄', 17, 4, 14, 11, 750, 4, '2017-04-11 16:39:38'),
(010694, '中学心理学辅导（新编本）', '陈安福', 17, 2, 12, 152, 1092, 2, '2017-03-27 11:08:05'),
(010695, '中国纹样史', '田自秉，吴淑生，田青', 17, 14, 20, 153, 320, 14, '2017-09-21 10:01:24'),
(010697, '普通高等教育十五国家级规划教材：英语听力教程2（学生用书）（附光盘）', '张民伦', 17, 14, 20, 22, 718, 14, '2017-10-10 09:08:17'),
(010700, '体验汉语：商务篇（60-80课时）（附赠光盘1张）', '张红，岳薇', 17, 7, 20, 154, 745, 7, '2017-09-19 14:01:50'),
(010702, '微分几何例题详解和习题汇编', '陈维桓', 17, 11, 20, 10, 1432, 11, '2017-08-10 15:07:19'),
(010703, '斩春：回归传统武侠，摒弃邪魔歪道', '十四郎', 73, 10, 25, 138, 588, 10, '2017-03-14 17:26:30'),
(010710, '新闻学导论（修订版）', '李良荣', 17, 14, 25, 17, 1359, 14, '2017-05-26 13:00:39'),
(010714, '普通高等教育十五国家级规划教材：构图学', '林钰源', 17, 7, 17, 18, 1245, 7, '2017-12-28 04:40:42'),
(010716, '广告经营与管理', '张金海，程明', 17, 5, 18, 5, 1322, 5, '2016-12-18 20:18:47'),
(010717, '奇石雅记', '王增陵', 73, 7, 42, 139, 1334, 7, '2017-06-29 14:13:42'),
(010718, '超弦理论（英文版）', '丘成桐，刘克峰，朱重远', 17, 2, 65, 36, 1225, 2, '2017-06-17 11:41:39'),
(010719, '文玩杂说', '荆歌', 73, 7, 28, 139, 1365, 7, '2017-08-13 03:36:58'),
(010721, '药物的吸收、分布、代谢排泄及毒性的研究方法（下）', '特斯塔，张礼和', 32, 7, 128, 119, 866, 7, '2017-10-28 12:14:08'),
(010722, '钢琴即兴伴奏教程（附CD光盘1张）', '冯国林', 73, 9, 34, 114, 1235, 9, '2017-07-18 02:10:47'),
(010723, '全国高等院校本科教材全国高等院校专升本教材：教育法学', '李晓燕', 17, 10, 33, 99, 650, 10, '2017-04-23 09:18:19'),
(010724, '日中英废弃物用训辞典', '武田信生，王伟', 32, 4, 38, 64, 1184, 4, '2017-11-09 01:32:30'),
(010725, '壶中乾坤', '山谷', 73, 4, 30, 139, 1366, 4, '2017-03-28 06:57:22'),
(010726, '2007年度国家精品课程城市生态学的辅助教材：城市生态学经典案例和实验指导', '杨小波', 32, 8, 45, 5, 1261, 8, '2017-02-03 06:53:13'),
(010727, '中国佛教艺术100讲', '尚荣', 73, 5, 45, 155, 465, 5, '2018-03-17 22:14:27'),
(010728, '人体模特史话', '陈醉', 73, 13, 23, 153, 1370, 13, '2017-08-29 07:38:11'),
(010729, '妇科疾病诊断流程与治疗策略', '黄峻', 32, 13, 78, 156, 1092, 13, '2017-05-07 18:57:05'),
(010730, '戴小桥和他的哥们儿：特务足球赛', '梅子涵', 71, 14, 16, 47, 893, 14, '2017-08-12 03:40:53'),
(010732, '戴小桥和他的哥们儿：逃跑的马儿', '梅子涵', 71, 9, 16, 47, 413, 9, '2018-03-26 05:16:08'),
(010733, '基于元胞自动机的交通系统建模与模拟', '贾斌，等', 32, 7, 20, 157, 1386, 7, '2017-12-19 15:28:04'),
(010734, '中等职业学校教学用书：经济政治（职业生活）', '张伟', 17, 8, 15, 73, 1428, 8, '2018-01-16 22:19:13'),
(010735, 'AutoCAD2008中文版工业产品设计从入门到精通', '陈俊维，孙中贤，刘念德', 32, 6, 38, 158, 420, 6, '2017-05-27 14:18:59'),
(010736, '风之王', '（美）亨利', 71, 3, 15, 47, 1080, 3, '2017-11-01 04:09:02'),
(010737, '心理营销', '（日）匠英一', 32, 12, 26, 25, 479, 12, '2017-03-06 09:56:18'),
(010738, '动漫・游戏专业系列教材：flash动画实训（配盘）（附学习卡、防伪标）', '马骋，张静', 17, 8, 28, 159, 398, 8, '2017-04-01 05:26:05'),
(010739, '湖泊-流域生态系统管理研究', '刘永，郭司成', 32, 4, 59, 160, 782, 4, '2018-02-28 00:32:52'),
(010740, '动漫・游戏专业系列教材：动漫造型基础', '张静', 17, 6, 19, 161, 1007, 6, '2017-05-24 16:54:06'),
(010742, '动漫游戏专业系列教材：动画背景及Matte Painting的绘制（附光盘）', '赵国华', 17, 9, 20, 161, 451, 9, '2017-11-29 03:57:26'),
(010743, '国际大奖小说・爱藏本：人间有晴天', '（美）荷特', 71, 7, 15, 47, 1231, 7, '2017-10-31 02:55:26'),
(010746, '喝汤的土匪：戴小桥和他的哥们儿', '梅子涵', 71, 3, 16, 47, 561, 3, '2017-09-29 09:35:07'),
(010748, '电磁学与电动力学（下）', '胡友秋，程福臻', 32, 4, 26, 36, 342, 4, '2017-11-10 11:31:58'),
(010749, '时代广场的蟋蟀', '（美）塞尔登', 71, 8, 13, 47, 1018, 8, '2017-09-07 23:21:26'),
(010750, '模拟电子技术基础（第4版）', '华成英，童诗白', 17, 10, 59, 17, 903, 10, '2017-01-16 12:27:33'),
(010751, '力学与理论力学（上册）', '杨维纮', 32, 8, 29, 44, 781, 8, '2017-05-03 00:33:35'),
(010752, '国际大奖小说・爱藏本：桥下一家人', '（美）卡尔森', 71, 8, 20, 47, 214, 8, '2017-12-28 08:36:51'),
(010755, '逻辑、信息和互动', '（荷）范本特姆', 32, 5, 78, 162, 1199, 5, '2018-01-16 01:14:09'),
(010756, '偏科生爱因斯坦', '江来，肖芬', 71, 3, 15, 47, 1324, 3, '2017-04-03 16:42:20'),
(010757, '英译汉教程', '连淑能', 17, 12, 30, 22, 747, 12, '2018-03-01 14:52:17'),
(010758, '教师团体心理辅导', '刘勇', 32, 13, 32, 50, 1297, 13, '2018-02-12 11:26:23'),
(010759, '五毛钱的愿望', '（美）布里坦', 71, 15, 14, 47, 757, 15, '2017-08-27 12:40:14'),
(010760, '体验商务英语国际管理读本', '王小鸥，皮尔比姆 （Adrian Pilbeam）', 17, 11, 16, 45, 1124, 8, '2018-01-18 00:40:53'),
(010761, '中外文学经典翻译教程', '王宏印', 17, 8, 39, 5, 1213, 8, '2017-12-30 05:50:04'),
(010762, '洪水风险管理与保险', '付湘，王丽萍，边玮', 32, 5, 48, 163, 578, 5, '2017-04-08 03:28:50'),
(010763, '屋顶上的小孩', '（美）克伦毕斯', 71, 15, 15, 47, 1193, 15, '2017-07-13 22:38:29'),
(010764, '反演问题的计算方法及其应用', '王彦飞', 17, 5, 59, 10, 1262, 5, '2017-09-04 00:21:46'),
(010766, '俄罗斯数学教材选译・现代几何学：方法与应用（第1卷）：几何曲面、变换群与场（第5版）', 'Б.А.杜布洛文，С.П.诺维可夫，А.Т.福明柯', 17, 5, 20, 10, 227, 5, '2017-11-24 23:45:40'),
(010768, '女水手日记', '（美）艾非', 71, 2, 18, 47, 248, 2, '2018-03-01 18:15:50'),
(010770, '常用生物数据分析软件（附CD光盘1张）', '王俊，丛丽娟，郑洪坤', 32, 15, 65, 164, 853, 15, '2017-06-01 12:37:57'),
(010771, '普通高等教育十五国家级规划教材：新大学俄语科技阅读教程', '董宗杰', 17, 9, 30, 18, 1051, 9, '2017-03-17 02:27:57'),
(010773, '全国高等院校金融学系列规划教材：金融信托与租赁', '徐保满', 32, 3, 28, 43, 1309, 3, '2017-01-17 00:02:02'),
(010774, '普通高等教育十五国家级规划教材：区域分析与区域规划', '崔功豪，魏清泉，刘科伟', 17, 10, 40, 5, 826, 10, '2017-05-14 13:31:31'),
(010776, '3D巨匠3ds Max2008', '王瑶', 17, 10, 53, 61, 495, 10, '2017-11-09 04:47:19'),
(010778, '亲爱的汉修先生', '（美）克莱瑞', 71, 9, 12, 47, 630, 9, '2017-03-18 07:43:23'),
(010779, '兔子坡', '（美）罗素', 71, 9, 13, 47, 975, 9, '2017-06-13 02:12:08'),
(010780, '国际大奖小说・爱藏本：天使雕像', '（美）柯尼斯伯格', 71, 5, 14, 47, 625, 5, '2017-10-29 05:51:47'),
(010781, '国际大奖小说・爱藏本：偷莎士比亚的贼', '（美）布莱克伍德', 71, 6, 18, 47, 1053, 6, '2017-01-14 02:03:32'),
(010782, '运筹与管理科学丛书2：博弈论与非线性分析', '俞建', 32, 6, 40, 10, 209, 6, '2017-09-28 15:11:59'),
(010783, '数字逻辑与数字系统（附光盘）', '方维，余文，张天乐，杨秦', 32, 13, 30, 10, 362, 13, '2017-04-10 03:47:37'),
(010789, '输运理论', '黄祖洽，丁鄂江', 32, 2, 68, 44, 572, 2, '2018-02-19 05:15:59'),
(010790, '湿地生态学', '陆健健，等', 17, 6, 35, 117, 516, 6, '2017-12-12 19:04:18'),
(010791, '苦涩巧克力', '（德）普莱斯勒', 71, 13, 15, 47, 1006, 13, '2017-07-12 07:30:44'),
(010792, '动物细胞培养：基本技术指南（第5版）', '（英）R.I.弗雷谢尼', 32, 15, 20, 32, 623, 15, '2017-04-17 22:47:21'),
(010793, '幸福来临时', '米亚姆・普莱斯勒', 71, 11, 16, 47, 740, 11, '2017-08-10 10:15:20'),
(010795, '供应链复杂系统资源流建模与仿真', '白世贞，王文利', 32, 13, 40, 70, 480, 13, '2017-01-05 08:23:50'),
(010796, '浪漫鼠德佩罗', '（美）迪卡米洛', 71, 14, 20, 47, 939, 14, '2017-03-14 15:02:26'),
(010797, '全国高等院校金融学系列规划教材：投资银行学', '赵智文，马晓军', 32, 15, 30, 75, 940, 15, '2018-01-18 05:27:37'),
(010799, '量子力学教程（第2版）', '曾谨言', 32, 13, 26, 17, 847, 13, '2017-06-02 22:38:39'),
(010800, '中华题王：8年级语文（上）（配人教版）', '王猛，吕高生，任得宝，甘信宝', 71, 5, 16, 80, 843, 5, '2018-01-01 12:03:56'),
(010801, '怎样写好文献综述：案例及评述', '张黎', 32, 15, 36, 167, 501, 15, '2017-05-26 08:21:10'),
(010802, '紫牛2', '（美）高汀', 17, 9, 25, 25, 388, 9, '2017-07-18 10:39:35'),
(010803, '高等学校英语应用能力考试口试模拟试题集（附光盘）', '石玉洁', 17, 2, 29, 38, 1067, 2, '2017-02-26 16:53:32'),
(010804, '抢救上班族英语：餐饮业职员会话篇', '刘晓民，王月荣，洪群英', 32, 3, 39, 45, 697, 3, '2018-01-02 08:21:28'),
(010809, '抢救上班族英语：售货员会话篇（附光盘）', '朱龙英', 32, 10, 36, 45, 828, 10, '2017-08-07 02:31:07'),
(010811, '城市污水处理系统运行及过程控制', '马勇，等', 32, 9, 86, 168, 1022, 9, '2017-01-16 15:05:57'),
(010812, '艺术美学（修订版）', '万书元', 17, 4, 40, 85, 1187, 4, '2017-06-08 23:40:58'),
(010813, '股票入门与技巧', '（日）杉村富生', 32, 11, 28, 169, 646, 11, '2017-06-30 21:38:50'),
(010814, '体验汉语：生活篇（40-50课时）（法语版）（附光盘）', '朱晓星，岳建玲，吕宇红，褚佩如', 17, 13, 20, 66, 1071, 13, '2017-02-01 09:30:16'),
(010816, '民航客运价格规制改革研究', '杜伟，康自平', 32, 5, 28, 55, 1494, 5, '2018-02-11 17:09:51'),
(010817, '羽毛球中学', '肖杰', 17, 8, 6, 170, 598, 8, '2017-11-23 22:12:36'),
(010818, '运筹与管理科学丛书1：非线性优化计算方法', '袁亚湘', 32, 13, 45, 10, 696, 13, '2017-06-07 06:22:35'),
(010819, '全国医药高等学校规划教材：健康教育（第2版）', '贺伟', 32, 10, 18, 171, 732, 10, '2017-07-05 00:28:14'),
(010821, '高等院校小学教育专业教材：品德与生活品德与社会课程与教学', '李稚勇', 17, 11, 28, 91, 1032, 11, '2017-04-28 14:42:54'),
(010823, '运动生物化学', '张蕴琨，丁树哲', 17, 2, 26, 109, 593, 2, '2017-11-04 22:07:37'),
(010824, '职业设计师岗位技能培训系列教程：从设计到印刷Illstrator CS2/CS3平面设计师必读', '严磊，周燕华，孙文顺', 32, 11, 39, 61, 346, 11, '2017-10-18 12:02:20'),
(010825, '动物生物学实验指导（附VCD光盘1张）', '黄诗笺', 17, 15, 25, 32, 981, 15, '2017-06-22 09:18:03'),
(010826, '从设计到印刷InDesign CS2/CS3平面设计师必读（附光盘1张）', '彭麒，周燕华', 32, 10, 45, 61, 472, 10, '2017-08-12 14:15:24'),
(010827, '视觉测量', '张广军', 32, 14, 38, 81, 456, 14, '2017-09-08 04:55:54'),
(010828, '内分泌疾病百科全书2：钙', '马尔蒂尼', 32, 8, 98, 173, 1493, 8, '2017-10-28 23:20:22'),
(010829, '银顶针的夏天', '（美）恩赖特', 71, 8, 14, 47, 973, 8, '2018-01-24 13:28:14'),
(010830, '普通高等学校体育教育专业主干课系列教材：体育保健学', '姚鸿恩', 17, 4, 34, 8, 398, 4, '2017-01-16 02:05:12'),
(010831, '国外物理名著系列12・碳纳米管：从基础到应用（影印版）', '（法）洛伊斯（Loiseau，A.），等', 32, 15, 20, 174, 1037, 15, '2018-02-05 04:30:22'),
(010833, '国外物理名著系列11：半导体物理电子学（第2版）（影印版）', '（美）李（Li，S.S.）', 32, 9, 98, 36, 1012, 9, '2017-01-15 06:51:46'),
(010835, '数学翻译丛书：基础偏微分方程', '（美）布利克（Bleecder', 17, 9, 20, 10, 1491, 9, '2017-07-19 13:06:04'),
(010836, '中国科学院研究生院教材：研究生教学用书?时间科学基础', '漆贯荣', 17, 6, 28, 21, 229, 6, '2017-08-17 03:40:11'),
(010837, '苹果树上的外婆', '（奥）洛贝', 71, 12, 12, 47, 223, 12, '2017-01-26 18:37:19'),
(010838, '国际大奖小说・爱藏本：波普先生的企鹅', '（美）阿特沃特，等', 71, 14, 13, 47, 570, 14, '2017-01-27 09:38:32'),
(010839, '国际大奖小说：真正的贼 老鼠阿贝漂流记', '（美）史代格', 71, 4, 15, 47, 820, 4, '2017-08-31 20:54:32'),
(010840, '可靠性数学引论', '曹晋华，程侃', 17, 7, 20, 10, 1115, 7, '2017-07-31 08:55:20'),
(010841, '面向21世纪课程教材・高等学校经济类、工商管理类核心课程教材：统计学习题与案例', '袁卫，庞皓，曾五一，贾俊平', 17, 9, 26, 24, 1265, 9, '2017-03-28 09:40:39'),
(010842, '分子细胞生物学（第4版）（影印版）（附光盘）', '（美）卡普', 17, 2, 69, 32, 262, 2, '2018-03-17 14:05:45'),
(010843, '普通高等院校教材：新媒体艺术论（附光盘）', '许鹏，等', 17, 7, 30, 5, 1090, 7, '2017-03-23 04:38:17'),
(010845, '基础生命科学（附VCD光盘1张）', '吴庆余', 17, 4, 48, 32, 1221, 4, '2017-11-26 03:08:31'),
(010846, '高等学校金融学专业课程教材：期货与期权', '罗孝玲', 17, 6, 30, 96, 1430, 6, '2017-02-05 01:29:31'),
(010848, '红楼梦', '[清] 曹雪芹 著 / 高鹗 续', 25, 5, 59.7, 2, 1606, 5, '2018-04-07 13:17:03');
INSERT INTO `books` (`id`, `book_name`, `writer`, `publish`, `number`, `price`, `book_classify`, `page`, `had_num`, `in_time`) VALUES
(010849, '红楼梦', '[清] 曹雪芹 著 / 高鹗 续', 25, 5, 59.7, 2, 1606, 5, '2018-04-07 13:45:02'),
(010851, '动态网站', '许丽娟', 46, 2, 45, 3, 455, 2, '2018-04-12 09:14:06'),
(010852, 'k', '1', 7, 12, 12, 7, 12, 12, '2018-04-27 00:16:50'),
(010853, '12', '12', 7, 12, 12, 1, 12, 12, '2018-05-01 22:21:39');

-- --------------------------------------------------------

--
-- 表的结构 `borrow_status`
--

CREATE TABLE `borrow_status` (
  `id` int(11) NOT NULL,
  `status` varchar(255) DEFAULT NULL
) ENGINE=InnoDB DEFAULT CHARSET=utf8;

--
-- 转存表中的数据 `borrow_status`
--

INSERT INTO `borrow_status` (`id`, `status`) VALUES
(1, '借阅'),
(2, '已还'),
(3, '超期'),
(4, '预定');

-- --------------------------------------------------------

--
-- 表的结构 `fankui`
--

CREATE TABLE `fankui` (
  `id` int(11) NOT NULL,
  `username` varchar(50) NOT NULL,
  `time` datetime NOT NULL,
  `fankuinr` text NOT NULL,
  `userid` bigint(11) NOT NULL
) ENGINE=InnoDB DEFAULT CHARSET=utf8;

--
-- 转存表中的数据 `fankui`
--

INSERT INTO `fankui` (`id`, `username`, `time`, `fankuinr`, `userid`) VALUES
(0, '游', '0000-00-00 00:00:00', '123', 2147483647),
(0, '游', '0000-00-00 00:00:00', '123', 2147483647),
(0, '游', '0000-00-00 00:00:00', '123thhghguyhngh', 2147483647),
(0, '游', '2018-04-26 03:07:58', '123thhghguyhngh', 16302010208),
(0, '游', '2018-04-27 02:52:57', '砂石款把考试的扩大进口件', 16302010208),
(0, 'bb', '2018-04-27 04:33:10', 'asdsfdfdrrty', 16300000000);

-- --------------------------------------------------------

--
-- 表的结构 `publish`
--

CREATE TABLE `publish` (
  `id` int(11) NOT NULL,
  `publish_name` varchar(50) NOT NULL
) ENGINE=InnoDB DEFAULT CHARSET=utf8;

--
-- 转存表中的数据 `publish`
--

INSERT INTO `publish` (`id`, `publish_name`) VALUES
(1, '人民邮电出版社'),
(2, '湖北美术出版社'),
(3, '北京十月文艺出版社'),
(4, '江苏凤凰文艺出版社'),
(5, '外语教学与研究出版社'),
(6, '机械工业出版社'),
(7, '电子工业出版社'),
(8, '齐鲁音像出版社'),
(9, '人民美术出版社'),
(10, '译林出版社'),
(11, '中信出版社'),
(12, '中国青年出版社'),
(13, '华龄出版社'),
(14, '华夏出版社'),
(15, '台湾龙溪出版社'),
(16, '广西师范大学出版社'),
(17, '高等教育出版社'),
(18, '北京联合出版公司'),
(19, '电子工业出版社'),
(20, '农村读物出版社'),
(21, '中国人民大学出版社'),
(22, '湖南文艺出版社'),
(23, '东南大学出版社'),
(24, '浙江大学出版社'),
(25, '人民文学出版社'),
(26, '现代出版社'),
(27, '中央编译出版社'),
(28, '中国水利水电出版社'),
(29, '华艺出版社'),
(30, '北京时代华文书局'),
(31, '机械工业出版社'),
(32, '科学出版社'),
(33, '光明日报出版社'),
(34, '台視文化'),
(35, '河北教育出版社'),
(37, '华龄'),
(38, '武汉大学出版社'),
(39, '生活·读书·新知三联书店'),
(40, '人民教育出版社'),
(41, '民主与建设出版社'),
(42, '北京大学出版社'),
(43, '北京美术摄影出版社'),
(44, '大境文化事業有限公司'),
(45, '九州出版社'),
(46, '江苏文艺出版社'),
(47, '人民大学出版社'),
(48, '金城出版社'),
(49, '浦睿文化/湖南人民出版社'),
(50, '北京图书馆'),
(51, '中国地图出版社'),
(52, '海天出版社'),
(53, '湖北美术出版社'),
(54, '国家图书馆出版社'),
(55, '北京十月文艺出版社'),
(56, '广西科学技术出版社'),
(57, '解放军文艺出版社'),
(58, '新世界出版社'),
(59, '英国光脚丫童书社'),
(60, '邊城'),
(61, '同心出版社'),
(62, '群言'),
(63, '上海人民出版社'),
(64, '花城出版社'),
(65, '台湾国际角川书店'),
(66, '文史哲出版社'),
(67, '上海科学技术文献出版社'),
(68, '长江文艺出版社'),
(69, '中央研究院'),
(70, '南海出版公司'),
(71, '新蕾出版社'),
(72, '科学出版社'),
(73, '百花文艺出版社'),
(74, '经济日报出版社'),
(75, '中国社会科学院出版社');

-- --------------------------------------------------------

--
-- 表的结构 `reader`
--

CREATE TABLE `reader` (
  `id` varchar(11) NOT NULL,
  `user_name` varchar(20) NOT NULL,
  `user_sex` varchar(1) NOT NULL,
  `is_vip` varchar(1) NOT NULL DEFAULT '否',
  `user_pw` varchar(32) NOT NULL,
  `user_type` int(1) NOT NULL DEFAULT '0',
  `user_tel` varchar(11) NOT NULL
) ENGINE=InnoDB DEFAULT CHARSET=utf8;

--
-- 转存表中的数据 `reader`
--

INSERT INTO `reader` (`id`, `user_name`, `user_sex`, `is_vip`, `user_pw`, `user_type`, `user_tel`) VALUES
('000000', 'admin', '女', '是', '21232f297a57a5a743894a0e4a801fc3', 1, '13880790448'),
('110208', '许四', '女', '是', 'd41d8cd98f00b204e9800998ecf8427e', 1, '13880790403'),
('123456', 'xiaoyong', '男', '否', 'e10adc3949ba59abbe56e057f20f883e', 2, '15283684514'),
('16300000000', 'bb', '女', '否', 'e10adc3949ba59abbe56e057f20f883e', 3, '1132324345'),
('16302010201', '曹玉婷', '女', '否', 'e10adc3949ba59abbe56e057f20f883e', 2, '16524589865'),
('16302010207', '许大', '女', '否', '21232f297a57a5a743894a0e4a801fc3', 4, '1388079027'),
('16302010208', '游', '女', '否', 'e10adc3949ba59abbe56e057f20f883e', 2, '13880790448'),
('16302010239', '周', '男', '否', 'd41d8cd98f00b204e9800998ecf8427e', 1, '13880790403'),
('222222', '勇', '男', '否', 'f379eaf3c831b04de153469d1bec345e', 2, '15283684514');

-- --------------------------------------------------------

--
-- 表的结构 `record`
--

CREATE TABLE `record` (
  `id` int(11) NOT NULL,
  `book_id` varchar(6) NOT NULL,
  `user_id` varchar(11) NOT NULL,
  `st_time` datetime NOT NULL,
  `end_time` datetime DEFAULT NULL,
  `status` int(1) DEFAULT '0',
  `xu_jie` int(1) NOT NULL DEFAULT '0',
  `return_time` datetime DEFAULT NULL
) ENGINE=InnoDB DEFAULT CHARSET=utf8;

--
-- 转存表中的数据 `record`
--

INSERT INTO `record` (`id`, `book_id`, `user_id`, `st_time`, `end_time`, `status`, `xu_jie`, `return_time`) VALUES
(1, '010000', '000000', '2018-04-21 22:15:58', '2018-05-21 22:15:58', 2, 0, '2018-04-21 23:46:03'),
(2, '010760', '000000', '2018-04-21 23:23:38', '2018-05-21 23:23:38', 2, 0, '2018-04-21 17:25:35'),
(3, '010431', '000000', '2018-04-21 23:27:48', '2018-05-21 23:27:48', 2, 0, '2018-04-21 23:27:59'),
(4, '010580', '000000', '2018-04-21 23:29:56', '2018-05-21 23:29:56', 2, 0, '2018-04-21 23:30:58'),
(5, '010760', '110208', '2018-04-25 14:37:44', '2018-05-25 14:37:44', 1, 0, NULL),
(6, '010580', '000000', '2018-04-25 14:57:08', '2018-07-24 14:57:08', 1, 4, NULL),
(7, '010760', '16302010207', '2018-04-26 18:31:25', '2018-05-26 18:31:25', 1, 0, NULL),
(8, '010760', '16302010207', '2018-04-26 18:31:28', '2018-05-26 18:31:28', 1, 0, NULL),
(9, '010431', '16302010207', '2018-04-26 18:31:31', '2018-05-26 18:31:31', 1, 0, NULL),
(10, '010431', '16302010207', '2018-04-26 18:31:33', '2018-06-10 18:31:33', 1, 1, NULL),
(11, '010580', '16302010207', '2018-04-26 18:31:35', '2018-05-26 18:31:35', 1, 0, NULL),
(12, '010000', '16300000000', '2018-04-27 00:15:55', '2018-05-27 00:15:55', 1, 0, NULL),
(13, '010002', '16300000000', '2018-04-27 12:55:22', '2018-05-27 12:55:22', 1, 0, NULL),
(14, '010003', '16300000000', '2018-04-27 10:12:03', '2018-05-27 10:12:03', 1, 0, NULL),
(17, '010000', '123456', '2018-04-27 12:53:45', '2018-05-27 12:53:45', 2, 0, '2018-04-27 12:54:17'),
(18, '010003', '123456', '2018-04-27 12:54:04', '2018-05-27 12:54:04', 1, 0, NULL),
(19, '010000', '16300000000', '2018-04-29 21:01:19', '2018-05-29 21:01:19', 1, 0, NULL),
(20, '010244', '16300000000', '2018-05-01 21:37:27', '2018-05-31 21:37:27', 1, 0, NULL);

-- --------------------------------------------------------

--
-- 表的结构 `user_type`
--

CREATE TABLE `user_type` (
  `id` int(11) NOT NULL,
  `type` varchar(11) NOT NULL,
  `max_num` int(11) NOT NULL
) ENGINE=InnoDB DEFAULT CHARSET=utf8;

--
-- 转存表中的数据 `user_type`
--

INSERT INTO `user_type` (`id`, `type`, `max_num`) VALUES
(1, '管理员', 15),
(2, '学生', 5),
(3, '教师', 10),
(4, '职工', 5);

--
-- Indexes for dumped tables
--

--
-- Indexes for table `bookclass`
--
ALTER TABLE `bookclass`
  ADD PRIMARY KEY (`id`);

--
-- Indexes for table `books`
--
ALTER TABLE `books`
  ADD PRIMARY KEY (`id`) USING BTREE,
  ADD KEY `bookid` (`id`),
  ADD KEY `publish` (`publish`),
  ADD KEY `bookclass` (`book_classify`),
  ADD KEY `book_name` (`book_name`);

--
-- Indexes for table `borrow_status`
--
ALTER TABLE `borrow_status`
  ADD PRIMARY KEY (`id`);

--
-- Indexes for table `publish`
--
ALTER TABLE `publish`
  ADD PRIMARY KEY (`id`);

--
-- Indexes for table `reader`
--
ALTER TABLE `reader`
  ADD PRIMARY KEY (`id`) USING BTREE,
  ADD KEY `readerid` (`id`),
  ADD KEY `type` (`user_type`);

--
-- Indexes for table `record`
--
ALTER TABLE `record`
  ADD PRIMARY KEY (`id`),
  ADD KEY `book` (`book_id`),
  ADD KEY `reader` (`user_id`),
  ADD KEY `status` (`status`);

--
-- Indexes for table `user_type`
--
ALTER TABLE `user_type`
  ADD PRIMARY KEY (`id`);

--
-- 在导出的表使用AUTO_INCREMENT
--

--
-- 使用表AUTO_INCREMENT `bookclass`
--
ALTER TABLE `bookclass`
  MODIFY `id` int(11) NOT NULL AUTO_INCREMENT, AUTO_INCREMENT=175;

--
-- 使用表AUTO_INCREMENT `books`
--
ALTER TABLE `books`
  MODIFY `id` int(6) UNSIGNED ZEROFILL NOT NULL AUTO_INCREMENT, AUTO_INCREMENT=10854;

--
-- 使用表AUTO_INCREMENT `publish`
--
ALTER TABLE `publish`
  MODIFY `id` int(11) NOT NULL AUTO_INCREMENT, AUTO_INCREMENT=76;

--
-- 使用表AUTO_INCREMENT `record`
--
ALTER TABLE `record`
  MODIFY `id` int(11) NOT NULL AUTO_INCREMENT, AUTO_INCREMENT=21;

--
-- 使用表AUTO_INCREMENT `user_type`
--
ALTER TABLE `user_type`
  MODIFY `id` int(11) NOT NULL AUTO_INCREMENT, AUTO_INCREMENT=5;

--
-- 限制导出的表
--

--
-- 限制表 `books`
--
ALTER TABLE `books`
  ADD CONSTRAINT `bookclass` FOREIGN KEY (`book_classify`) REFERENCES `bookclass` (`id`) ON DELETE NO ACTION ON UPDATE NO ACTION,
  ADD CONSTRAINT `publish` FOREIGN KEY (`publish`) REFERENCES `publish` (`id`) ON DELETE NO ACTION ON UPDATE NO ACTION;

--
-- 限制表 `reader`
--
ALTER TABLE `reader`
  ADD CONSTRAINT `type` FOREIGN KEY (`user_type`) REFERENCES `user_type` (`id`);

--
-- 限制表 `record`
--
ALTER TABLE `record`
  ADD CONSTRAINT `status` FOREIGN KEY (`status`) REFERENCES `borrow_status` (`id`) ON DELETE NO ACTION ON UPDATE NO ACTION;
COMMIT;

/*!40101 SET CHARACTER_SET_CLIENT=@OLD_CHARACTER_SET_CLIENT */;
/*!40101 SET CHARACTER_SET_RESULTS=@OLD_CHARACTER_SET_RESULTS */;
/*!40101 SET COLLATION_CONNECTION=@OLD_COLLATION_CONNECTION */;
